week,p05,p10,p25,p50,p75,p90,p95,economic_view
1,5.9984447202679725,6.054028571085228,6.152849604526467,6.267223793527146,6.381254707396482,6.481671424869319,6.544096751112481,current_view
2,5.87028745401428,5.960218577064291,6.113263313238079,6.273309056571972,6.434755852090245,6.589542005601697,6.684064713679259,current_view
3,5.803671670651487,5.917800018100019,6.087314151020007,6.287494747884783,6.484944595751021,6.664240882243736,6.792702039973109,current_view
4,5.749704360176195,5.871218227477997,6.07083754040795,6.297469159413893,6.513605291043862,6.738023683885317,6.892563889596392,current_view
5,5.710063290808643,5.828820174829572,6.040605020207731,6.298899885743118,6.562823805694073,6.80389785987161,6.950476989325131,current_view
6,5.6670680120815895,5.8129322389978855,6.031999088817695,6.306817929474191,6.593512008730265,6.852777707444648,7.023207367533291,current_view
7,5.644519267985838,5.78224673276589,6.027071166485646,6.316663352737944,6.6068706337626395,6.889743296519293,7.089402112062661,current_view
8,5.578084799271462,5.7448218868601035,6.016865225137165,6.332294205272104,6.638500046594494,6.932251690450262,7.132798381495256,current_view
9,5.550849896943745,5.715548775093577,6.01050018790591,6.345423536581389,6.663352446421987,6.971068031252871,7.176987645270383,current_view
10,5.522334033644834,5.700607504743857,6.005302398490323,6.341262984095553,6.678013421285167,6.9951757426176115,7.224307363151152,current_view
11,5.463873283309702,5.695031114019131,6.002643640198044,6.344877064195261,6.693706642798262,7.036362789833223,7.23043478016762,current_view
12,5.463485889812251,5.669185163239387,6.002505983355919,6.3430356554718115,6.721774085864304,7.064933235954932,7.292151911369665,current_view
13,5.444325122232463,5.677725512047215,6.005576996975081,6.348055120620989,6.737028092579282,7.10220392796688,7.301633102339081,current_view
14,5.4271460413989905,5.658173420063143,5.995119324741026,6.352669129748035,6.741241656695303,7.110630321338947,7.33784733877658,current_view
15,5.400338592919028,5.6491688612271425,5.977546080834156,6.357707873936537,6.748295240975002,7.1235417740306275,7.351125190465583,current_view
16,5.381918024797984,5.639563514962768,5.974561777390334,6.362168763746473,6.764333774133686,7.144732161601188,7.397026411762014,current_view
17,5.368306925541779,5.614527884934951,5.979860727024455,6.369014890321888,6.781385519511865,7.169774316885107,7.401619675905331,current_view
18,5.376462975074725,5.608809302499017,5.965687899958045,6.370075301559251,6.802769062447819,7.197122016003735,7.434759892646399,current_view
19,5.343490542158934,5.589523908394909,5.958295110221387,6.379270738337939,6.8080123454094545,7.201283140563343,7.470390221427657,current_view
20,5.336550211564708,5.578549264826666,5.9653536076880584,6.367458557414459,6.815980057088427,7.234192227429275,7.487640207239695,current_view
21,5.359885357176711,5.58486324266568,5.9585832052696555,6.379761327436871,6.823358066535073,7.24753165419918,7.512058616876405,current_view
22,5.323052057386019,5.5540618282160255,5.953548651580208,6.379254748925402,6.833493307894468,7.271046696188611,7.569241617765106,current_view
23,5.325086994434988,5.552671142464503,5.953084453280448,6.390019099852708,6.838076244192301,7.296084930513589,7.568784536789125,current_view
24,5.305102440386155,5.530414913439703,5.9444192572268975,6.38554544286113,6.8340852919308706,7.299362782307155,7.5867286679590515,current_view
25,5.265090935189076,5.5192332463532745,5.93969855683307,6.384308219463319,6.846951528101529,7.310376771414708,7.614001195613651,current_view
26,5.240057446712391,5.508265017812131,5.932183029810597,6.3856213278489085,6.85899549646735,7.3297511551492,7.642288785590299,current_view
27,5.2714714138529954,5.509029079216088,5.922496422719875,6.387654836284254,6.876569602914849,7.350545387235828,7.628403330043711,current_view
28,5.235967700930819,5.517700078935886,5.931316525454249,6.401739452652516,6.883074123768855,7.347118181070806,7.656514581688409,current_view
29,5.229164024858128,5.486423551178962,5.924625246049764,6.415200085579333,6.896399541598828,7.370519096709272,7.659566172697554,current_view
30,5.245333325350479,5.507143824246828,5.939003079456004,6.417912997491218,6.899546177640624,7.369867064934826,7.694664119360109,current_view
31,5.229952730770037,5.494815640469183,5.9289780032016655,6.4222415346482995,6.9037325064628625,7.390963269492183,7.709489364962711,current_view
32,5.213555424332183,5.475494674886269,5.925365123183482,6.421161216069613,6.904852320300835,7.408600802609803,7.708073023291846,current_view
33,5.223466209580116,5.480981270403074,5.928954680588106,6.423251742437381,6.913351463120219,7.400545489727782,7.7665753167925065,current_view
34,5.196421554318534,5.497642860330002,5.92542901824335,6.423590842678104,6.927237866051707,7.434410950795424,7.765788176333265,current_view
35,5.215872935271754,5.4868729468783775,5.9147522825259795,6.427758281779037,6.934400641620857,7.428255480710833,7.747832088870052,current_view
36,5.226571985742745,5.474180501594281,5.917848753456603,6.434018620227285,6.937893247970633,7.444339871895915,7.764274679846874,current_view
37,5.199142872480541,5.482360384478322,5.914486494518028,6.426995351322635,6.934149319472638,7.437539752564898,7.768241715493537,current_view
38,5.216125691300961,5.449772284457132,5.910898011351447,6.423587573255061,6.945430290876233,7.454171554655897,7.750807632815684,current_view
39,5.170045542169357,5.437495764936929,5.902158391126058,6.431047111910296,6.960233275337903,7.450444258497394,7.779999370912013,current_view
40,5.1491966809124605,5.440926581428322,5.907001009931744,6.436006392658437,6.962622429773624,7.4787408541227425,7.809435978390927,current_view
41,5.160586383744937,5.453788596703164,5.908390619819406,6.434657017850662,6.968929229873729,7.461950878228123,7.808148947035643,current_view
42,5.187369656350322,5.458678396489534,5.9020872648765526,6.4218875781911535,6.960233892085544,7.452504208523601,7.782609896693638,current_view
43,5.171500386864832,5.457673881829297,5.916152032403968,6.438489443228853,6.969351805371675,7.462463460566065,7.782277497947063,current_view
44,5.151828833883754,5.462091049082348,5.913349913760046,6.435244204310789,6.974974032195068,7.476280067626859,7.771901567141934,current_view
45,5.1478760547644224,5.440014915423535,5.911675187532715,6.434181128255623,6.9609637167196095,7.4905303808508,7.7977246384893775,current_view
46,5.14286100032809,5.425565989492037,5.9110698320643875,6.424541804185264,6.974262008953824,7.464226745306628,7.793914935503174,current_view
47,5.131582291077716,5.415218384164215,5.90307367650621,6.414519445139088,6.971817467412529,7.472878675463034,7.785858959934664,current_view
48,5.114658118401506,5.4305032573081355,5.909327586890587,6.412153352615199,6.961410664064135,7.4875196504237405,7.766049875871969,current_view
49,5.1136760446231895,5.406088304803955,5.909970277153322,6.405877077345064,6.961002115179805,7.484643388547229,7.767837144583202,current_view
50,5.1175979866380565,5.398445526849736,5.901737083613156,6.407541680963064,6.978047498233369,7.482337457861711,7.801703018713418,current_view
51,5.109958731944739,5.399594544797178,5.905885744360816,6.409565376879677,6.967594623832426,7.480415704802894,7.775862653207791,current_view
52,5.100417357347952,5.404245197358496,5.895160573419988,6.412059680173334,6.944090638452034,7.502806104768944,7.812092233779463,current_view
1,5.994642081086582,6.057637047225409,6.159984516269789,6.275842646182683,6.393570636538653,6.499707874686156,6.556573765953285,higher_for_longer_view
2,5.880243349246158,5.967954045779062,6.121906018225193,6.291311737549281,6.454466496783359,6.614362649416828,6.70813407509626,higher_for_longer_view
3,5.811827996260426,5.928717412499265,6.102478185796108,6.310024302773937,6.505925387263593,6.692755972867036,6.820307660325088,higher_for_longer_view
4,5.763523413351845,5.890065214545507,6.089611027927546,6.323326558422072,6.546659660641275,6.787160217886498,6.930003281846846,higher_for_longer_view
5,5.722306349495695,5.852567365312559,6.066913516073901,6.3360023691089555,6.599594878339978,6.849083491469674,6.990181553228469,higher_for_longer_view
6,5.680665168013389,5.836083351270979,6.065865297979503,6.357897220837479,6.6433955168113155,6.899958241661083,7.059078528811523,higher_for_longer_view
7,5.660584593578733,5.810099538983223,6.053851100340753,6.360567604293751,6.658893397370285,6.936015967747417,7.140960392330301,higher_for_longer_view
8,5.610501113044359,5.767287268642631,6.054824775996373,6.375072192275411,6.693579834692484,6.9964003533886725,7.1826925061081255,higher_for_longer_view
9,5.571393312705049,5.7452614623606095,6.049467251884747,6.395201714735732,6.721979470418788,7.038125624000802,7.231710138626062,higher_for_longer_view
10,5.547495194142723,5.728943971977154,6.0462459023687725,6.402198974751984,6.749889189181043,7.072823728970396,7.277695484519771,higher_for_longer_view
11,5.50868174498584,5.730031367613717,6.0519480132135435,6.395198536836429,6.764216868537668,7.110910180959018,7.292966700837169,higher_for_longer_view
12,5.4946537848976735,5.700783757490097,6.051085495693674,6.396494153073869,6.791439035944338,7.159921259010948,7.365838260083886,higher_for_longer_view
13,5.47496966682674,5.720127204693914,6.05283482539953,6.414321818050389,6.821391197691145,7.2025354531771875,7.391429309340932,higher_for_longer_view
14,5.465038472677939,5.713544697959994,6.035495296267848,6.421108811583184,6.824035936535608,7.215646007470512,7.418697836761501,higher_for_longer_view
15,5.450462400283865,5.6908385120363905,6.0502585893591085,6.425915975875711,6.8447535438295475,7.220868566158077,7.465651485511429,higher_for_longer_view
16,5.4205904372136535,5.67545328472466,6.032989734249612,6.4263855842320385,6.856987357130085,7.240866701314948,7.498498858965346,higher_for_longer_view
17,5.411428813835046,5.671139561519866,6.043845497007087,6.448306914531618,6.873263284960042,7.2911257702839345,7.520982485723532,higher_for_longer_view
18,5.405569119571019,5.66248685044697,6.035347643464752,6.439188661011298,6.888346145888351,7.307763735824725,7.568398475431708,higher_for_longer_view
19,5.385554132731567,5.630068782396455,6.023023234579034,6.450471924592247,6.899001321946077,7.332394952349966,7.583607037564626,higher_for_longer_view
20,5.380111439440845,5.637730152575889,6.022720475640951,6.449853713579576,6.921632018679893,7.364083297281041,7.602941144005603,higher_for_longer_view
21,5.384056540329903,5.630320726648974,6.027153254434383,6.458144764223508,6.9247761386601825,7.372293055994286,7.633759963125689,higher_for_longer_view
22,5.361321097166395,5.613616028517682,6.020901070830626,6.466018827987709,6.9420905216076285,7.396834800767958,7.6676140675471265,higher_for_longer_view
23,5.354187381471704,5.59545217300704,6.009797540814194,6.467285419063138,6.95983797282343,7.415472494945322,7.6935778114834505,higher_for_longer_view
24,5.342063564421732,5.586273101294176,6.021162038052415,6.463218518739957,6.958048632538889,7.432935783112928,7.690172214458577,higher_for_longer_view
25,5.295984618322395,5.574536386958986,6.016746059042965,6.48066231770882,6.980382745355206,7.4393600455849525,7.723855710986701,higher_for_longer_view
26,5.267107770098988,5.561107181513557,6.008254766339099,6.486437248291482,6.984578186340802,7.471910218959833,7.733378515120818,higher_for_longer_view
27,5.294265727998242,5.554576729300313,5.997855433472328,6.507077622219269,7.002013976900762,7.49611107717479,7.752271949610525,higher_for_longer_view
28,5.259956549619083,5.571275353089469,6.006618259421738,6.504308445328908,7.017753522444687,7.483092122396775,7.786657663045404,higher_for_longer_view
29,5.269666396735736,5.543315043843798,6.010625745416027,6.515846575931634,7.039594769627319,7.514595205451053,7.8038320506293175,higher_for_longer_view
30,5.273854466631548,5.551098704221379,6.020868961119495,6.528685645536646,7.048160790569529,7.525759390131533,7.82756474136687,higher_for_longer_view
31,5.26257676333449,5.5472759099068405,6.038532274569354,6.530195335085708,7.056845439735905,7.541230026410177,7.833698292028252,higher_for_longer_view
32,5.253682844679688,5.543780425190708,6.024782883435243,6.531443567393271,7.048850461478212,7.563650141561571,7.8709261541760975,higher_for_longer_view
33,5.2693410278995,5.563290614824323,6.0236709490950995,6.527642951503845,7.058321747154558,7.580376723547261,7.892211759229631,higher_for_longer_view
34,5.235125388781511,5.581250127232456,6.018890454609256,6.549500615729967,7.068817958802882,7.577903911356201,7.901900252527379,higher_for_longer_view
35,5.257954574405032,5.553182130015113,6.024702550665105,6.543350953232805,7.079348733485094,7.585741263816116,7.9156050268807325,higher_for_longer_view
36,5.255458888260012,5.535845897397237,6.0082738549764505,6.555528964832452,7.0895324718688695,7.591848115604997,7.909663087727429,higher_for_longer_view
37,5.245886384676215,5.543326670694164,6.0123160892787855,6.557498501727642,7.100285947100151,7.596854171412856,7.905844729255036,higher_for_longer_view
38,5.260789147877309,5.507972650293586,6.014347328196762,6.555313360437243,7.111561579550156,7.6113111837999,7.915822208459875,higher_for_longer_view
39,5.220176280148978,5.512257896708374,6.006116158814216,6.565577651528561,7.113380273255535,7.604648277298983,7.937509494602201,higher_for_longer_view
40,5.205214182323553,5.507256748682122,6.010360937806085,6.566526380112119,7.123908321096577,7.624228780047422,7.933284195668728,higher_for_longer_view
41,5.221605500639334,5.523379739165089,6.012801354900819,6.558809416141248,7.124180370816597,7.630185311385214,7.947487023732992,higher_for_longer_view
42,5.231028588378639,5.528546715278322,6.015459102501839,6.5727214279836375,7.138248724900044,7.640933728521569,7.9518420631033955,higher_for_longer_view
43,5.23185992561519,5.51972713722671,6.010718392287799,6.570520001236937,7.133179690631225,7.635845303515761,7.992930249492623,higher_for_longer_view
44,5.210939881899444,5.523156145948426,6.013806464942265,6.573646885217537,7.139380320224806,7.631465219050855,7.959780687098883,higher_for_longer_view
45,5.220029780716055,5.509977678795168,6.0216772562539065,6.578121195271404,7.139088082602006,7.667028677231261,7.97004711692379,higher_for_longer_view
46,5.220628459625777,5.494160720554592,6.018092391786485,6.56232993952343,7.134640244231945,7.648415905815584,7.983806133239819,higher_for_longer_view
47,5.1878560635889714,5.475189119671471,6.019477618379964,6.561469373533425,7.134836911793342,7.650364470064838,7.959937350343183,higher_for_longer_view
48,5.1880300716076,5.486409423532046,6.0053614410676825,6.5739307773384414,7.146107662467561,7.651732388249461,7.956225278255576,higher_for_longer_view
49,5.175440865941037,5.487726332110834,5.99632149016692,6.561086233107369,7.1402786931329025,7.6455425921717515,7.955429211031788,higher_for_longer_view
50,5.16920990563554,5.481424789079742,6.00015373046076,6.548086257965757,7.163565433953026,7.662012325300135,7.960071185345106,higher_for_longer_view
51,5.167659960012509,5.48214763077278,6.009085133471976,6.572533433789598,7.12572389030764,7.676388014092185,7.97645566326672,higher_for_longer_view
52,5.15984925524568,5.474261901938706,6.003417065001926,6.571254944537806,7.135503648780874,7.666484763783145,8.019941280895763,higher_for_longer_view
1,6.0021216013161425,6.056144484648734,6.150307528137965,6.262222229525338,6.3718599371280815,6.4694420811124145,6.53906447841094,soft_landing_view
2,5.873610905301228,5.960573034027943,6.108131652526769,6.262087851940026,6.4246706906547795,6.5767040541855515,6.665711761483039,soft_landing_view
3,5.803671670651487,5.91009655848426,6.083054963040642,6.2785224252853045,6.46155597621782,6.644645574405149,6.75795333101081,soft_landing_view
4,5.751244941270376,5.872030498395103,6.0645688091654115,6.279516087950297,6.490316895938205,6.704962721125548,6.851098650891956,soft_landing_view
5,5.709423312405495,5.831407875571156,6.0334829172886,6.279164023634557,6.530998950293213,6.756963894010782,6.912766853023344,soft_landing_view
6,5.66655787147523,5.808926864621314,6.022107286022866,6.2775237590947,6.554001061072389,6.805777145932349,6.983279904748188,soft_landing_view
7,5.644381442879459,5.773705807646653,6.007706394247885,6.28781833242229,6.571436478780888,6.848512068459364,7.016898188486184,soft_landing_view
8,5.575947625413155,5.738655902534694,5.999909793903121,6.301704987688755,6.608194819592601,6.8879302948043755,7.078963993853662,soft_landing_view
9,5.550813100503602,5.706637083514112,5.991727241875166,6.314106614339405,6.618639916606635,6.922370923228656,7.111981328172161,soft_landing_view
10,5.522334033644834,5.693923632530248,5.986293477542823,6.309744415313158,6.62995664159829,6.954604690729931,7.156380216233558,soft_landing_view
11,5.475109517826105,5.686954246660057,5.983587656171087,6.311947006779932,6.644332572899387,6.978792697630523,7.168126280125456,soft_landing_view
12,5.470034472118161,5.660018563421493,5.976370392446984,6.302481707340999,6.6583021729904015,6.995813960733645,7.234683060142875,soft_landing_view
13,5.4321576031787,5.66013517020115,5.980708004049713,6.310625185896633,6.672744218780599,7.028790030826361,7.2420741214220055,soft_landing_view
14,5.420894707841002,5.641101239248262,5.9693650406938765,6.310569724046215,6.681615208587602,7.055749857030178,7.278722251871818,soft_landing_view
15,5.382347038818622,5.615592551235965,5.948977021675486,6.311963886399943,6.688084188020394,7.059425824167625,7.263735005882805,soft_landing_view
16,5.356410952568293,5.60350047995508,5.940127965963848,6.313675509795711,6.6979934894455635,7.064559937957657,7.300292882467478,soft_landing_view
17,5.338217295242083,5.580939733125275,5.941201046462896,6.308004962539075,6.7104128983050595,7.077986810917577,7.3386511961761745,soft_landing_view
18,5.341856861990378,5.580479101025721,5.926823266738409,6.314967813380861,6.714268529674513,7.107301277812853,7.349402080580434,soft_landing_view
19,5.329344890851863,5.5555780832779895,5.919442559494092,6.311893393237472,6.711462090122545,7.104308804646378,7.375582591739385,soft_landing_view
20,5.3041997714713025,5.550214510284307,5.920067878429511,6.314130470074945,6.7313175968080055,7.1383894849703875,7.39857389409343,soft_landing_view
21,5.324189416534616,5.539798933653995,5.910960977046693,6.302778840994412,6.728382777192126,7.138525532504948,7.434453806398222,soft_landing_view
22,5.287080089414934,5.525849545689788,5.903815221031097,6.318023457732169,6.741307492234831,7.154908150474985,7.443858057025515,soft_landing_view
23,5.291454414952146,5.518884066407876,5.90544107919743,6.327310433228397,6.748469228757358,7.188985251467897,7.44787996033887,soft_landing_view
24,5.265427164749015,5.488656971042761,5.897279931381448,6.315548075082624,6.734453055930089,7.185515393449898,7.4806830748630055,soft_landing_view
25,5.2368424018359905,5.462968952134565,5.891590475465117,6.309160987677622,6.7355366009037345,7.204388971008114,7.49489656033277,soft_landing_view
26,5.206772612154836,5.448569954942227,5.880455032008883,6.305226946223536,6.752373416366477,7.209149021491935,7.508777499950154,soft_landing_view
27,5.229379672846704,5.468254506063598,5.869780011704306,6.310464825840169,6.777841591296507,7.219862754631043,7.517483298470447,soft_landing_view
28,5.193402366196146,5.472370339683841,5.8653236557312285,6.3165165822391875,6.783858090397988,7.239595912832001,7.5178796898894715,soft_landing_view
29,5.200854718128591,5.444088831029817,5.86470395468894,6.331239712939274,6.786326905435822,7.238333813579841,7.5550407601736245,soft_landing_view
30,5.198194369585468,5.4628870542997605,5.860615992615257,6.327109301365844,6.790045811993625,7.268212512335824,7.555020139132369,soft_landing_view
31,5.205204968394644,5.46118635704398,5.848064711929858,6.324746769591551,6.79345479987064,7.266169184321888,7.586668603092252,soft_landing_view
32,5.190211021938729,5.444297980668923,5.865937939777137,6.322156785957102,6.806165772574525,7.2693269784968315,7.593820699353455,soft_landing_view
33,5.190805296836425,5.442649465785162,5.854659266123635,6.318619933475198,6.7990867074649906,7.273676097610189,7.611360988884006,soft_landing_view
34,5.173020228395083,5.455921150967338,5.8555261071681075,6.322413537197438,6.808682270633265,7.277135652142982,7.597552884164444,soft_landing_view
35,5.197485642087187,5.44476551609191,5.85123091656414,6.327042341457298,6.811132460016564,7.2817069811658435,7.597742718309258,soft_landing_view
36,5.194545018724352,5.439674408394032,5.845011719816529,6.3285686518043525,6.810335925217257,7.298863848096885,7.6043051610928805,soft_landing_view
37,5.1500038929347705,5.442077091170734,5.848187034546347,6.314069832391985,6.8183079126492,7.319127015032961,7.616966476917014,soft_landing_view
38,5.175040295429985,5.400447468888717,5.840243343125506,6.325580676336747,6.8173920303962685,7.295144310920895,7.6143415837949835,soft_landing_view
39,5.151774080521392,5.401389497630346,5.828235909360845,6.317471173277163,6.826824199165772,7.308226204140934,7.639384505643165,soft_landing_view
40,5.122277048877957,5.386811790204449,5.840616059614291,6.313014133177363,6.838094156748043,7.306694530996094,7.65652596053315,soft_landing_view
41,5.116847926591962,5.394340601099107,5.833485964754534,6.312698409929412,6.822167976648725,7.315412138384898,7.635065533672015,soft_landing_view
42,5.135769944965852,5.4045930966489895,5.83113296079669,6.3062027038872825,6.826689307935595,7.296612766119933,7.652812046330498,soft_landing_view
43,5.1219345986369245,5.416398652534512,5.839862352226811,6.318358459870348,6.829745773394014,7.321289361215617,7.64409093348593,soft_landing_view
44,5.109421664426442,5.40696740618269,5.823168028005876,6.313228520092898,6.8188740427854,7.327775772256023,7.624618415851611,soft_landing_view
45,5.120942909493943,5.396891324067935,5.817901262693559,6.299306661042111,6.806403626786303,7.319798805567463,7.628551511158108,soft_landing_view
46,5.106252179052724,5.383228132246169,5.814929992384622,6.285898335639924,6.801579220442756,7.316914047629279,7.61414703312341,soft_landing_view
47,5.11298521609094,5.377793286465479,5.817899733461103,6.2856538078710225,6.809802506788046,7.315694507239486,7.6550337539498265,soft_landing_view
48,5.0712230085410335,5.394249066400874,5.81941702559169,6.280555516986231,6.807881138865649,7.325494269468393,7.627206626729111,soft_landing_view
49,5.085771898780892,5.358449107646997,5.825789028343968,6.284473377072608,6.8126246908364845,7.318584092203147,7.633794890708555,soft_landing_view
50,5.0833308020472145,5.3538235946819634,5.817693119677816,6.2867597608430135,6.812675972309923,7.315922790600447,7.631228386549411,soft_landing_view
51,5.079683162738116,5.36821766934455,5.805708473969736,6.290884369306717,6.798214248584667,7.344539105069439,7.653115200328046,soft_landing_view
52,5.056927003260494,5.367375104791511,5.801132357320652,6.292137059444057,6.788420999396713,7.342979074547438,7.643684102793252,soft_landing_view
1,5.969750350004425,6.035714250189506,6.1420656427150675,6.264994528595334,6.387987636818016,6.496949279909454,6.560960422202417,recession_view
2,5.836530610609617,5.927996477312007,6.094350525910563,6.265947096531086,6.44157251022218,6.607081117271191,6.697019312151014,recession_view
3,5.73921388097962,5.868948330164191,6.061844096269515,6.279730146572474,6.487372224546437,6.684802044745168,6.803062320507239,recession_view
4,5.667774191177712,5.819782428204611,6.039977400023366,6.281165298998779,6.518214588307479,6.762690591745765,6.908278372368314,recession_view
5,5.607675151643565,5.776140913149959,6.011666378834499,6.280229609575952,6.5566999704064015,6.8107388023558535,6.970346176941588,recession_view
6,5.568707142602305,5.74334126685319,5.989028523648788,6.278909149916766,6.585733626540442,6.8614529032741185,7.038319218077209,recession_view
7,5.546690672347789,5.714417886442243,5.97379702942546,6.2754393298565505,6.594516404491868,6.891760256543835,7.094365973851433,recession_view
8,5.487091731772141,5.6649519775618575,5.955903235236124,6.285999047641158,6.6278229394069825,6.934004214591743,7.150857947510635,recession_view
9,5.437218865010813,5.624369420377722,5.944703443449493,6.301601355218926,6.6445189635237245,6.969769157084076,7.20008863632949,recession_view
10,5.388414683967767,5.601993367193387,5.935896418626661,6.291618858554681,6.653301707401905,6.988766231774582,7.22478417316673,recession_view
11,5.347427387502795,5.576584929819287,5.922990229867205,6.289765630972623,6.673766874718931,7.046564793726119,7.250404807535172,recession_view
12,5.2893331006614765,5.5334036112328,5.911520097771271,6.2889877024347705,6.684643052438601,7.067306802912208,7.303408099526134,recession_view
13,5.257334155972661,5.521062551342469,5.907717240774701,6.2941529057145456,6.700345078079028,7.111710833396074,7.3230140934763055,recession_view
14,5.245520462970325,5.493792884257766,5.894756108216599,6.298031572221619,6.70593736007878,7.108941774701957,7.357458516009466,recession_view
15,5.220898010890656,5.475408028192103,5.882704056552059,6.290287169979335,6.707092820651809,7.1306987419563415,7.378003023743452,recession_view
16,5.206564343743768,5.458517455881716,5.865438517396782,6.292270251091321,6.722658153495976,7.145896238794289,7.41439632800528,recession_view
17,5.1857936512792255,5.42682997589218,5.858568965250239,6.289550104000002,6.731019278382101,7.156538198503636,7.448628848830274,recession_view
18,5.162556210956664,5.417255731409061,5.839178647482233,6.2882654616480025,6.739406976515683,7.1760055525215325,7.461161821068352,recession_view
19,5.141030233021047,5.397233681203892,5.8250925973188545,6.284991943598319,6.740827237278928,7.181758466862759,7.485683879926406,recession_view
20,5.113521798241661,5.366708631595469,5.81612015784948,6.278753665181499,6.7566134868052945,7.218693744117026,7.4957623176295956,recession_view
21,5.08757983236314,5.379957236260767,5.807273227902203,6.272353675951398,6.751759656328975,7.227795632897635,7.518070232406693,recession_view
22,5.0630117605169165,5.34996164306216,5.808033173597948,6.284228741825762,6.7621243997138105,7.2270631937083145,7.557677975029338,recession_view
23,5.067312515259762,5.347499742315118,5.8033096799403445,6.28838950862969,6.770230504513515,7.262356889231776,7.540970566120714,recession_view
24,5.031023838210679,5.336343003879409,5.801392176830034,6.28051231457294,6.762426350470253,7.260447562334876,7.5614606848343975,recession_view
25,5.013081184413292,5.296868582418018,5.774932517987348,6.277562156197572,6.763798431026675,7.270134285616364,7.594442942043141,recession_view
26,4.982472676692141,5.2695017554056145,5.7708130606065655,6.268334689463606,6.774442252808058,7.281046339860874,7.614418519565695,recession_view
27,4.973160747309341,5.296471580531281,5.75657022032889,6.272596398505414,6.789306677402273,7.306434403373635,7.62065599912268,recession_view
28,4.94465387627023,5.266179622321689,5.746793812753603,6.275871579789154,6.791840998073244,7.302021046634205,7.631356410945539,recession_view
29,4.930707156805509,5.268536930869156,5.751928869487243,6.290829696502487,6.801178937706645,7.309520537458015,7.626115134797424,recession_view
30,4.906257764796988,5.266570175491809,5.753830470467858,6.293018386847814,6.81144591793785,7.335513007690592,7.6566516331989005,recession_view
31,4.875061492547574,5.241269147023998,5.74461598333413,6.289850607214058,6.803816665899045,7.339794400172299,7.662126187492211,recession_view
32,4.9016266348985615,5.24059358842782,5.753551336478741,6.2884470336381755,6.823559519864984,7.347590989207273,7.664967859543337,recession_view
33,4.87770214679676,5.240787274649154,5.7551156757015445,6.280683229940912,6.815585688420314,7.3354926125089195,7.687058248150643,recession_view
34,4.861624463442312,5.2162521310937136,5.737710847945925,6.284210221242366,6.832682852381888,7.336137009780333,7.6798198108559586,recession_view
35,4.849505329430079,5.213994721974613,5.728134587904482,6.28108953429049,6.829903319837001,7.333511167505401,7.677312617820309,recession_view
36,4.842410194379936,5.213690642983852,5.715608816533762,6.280572291609821,6.824828649519542,7.356962715625216,7.686758250518434,recession_view
37,4.85010922088097,5.192175565069532,5.719805510518023,6.278017323040267,6.830134956596065,7.350487741342795,7.685189004948954,recession_view
38,4.831882456094074,5.193941483135354,5.710791761648739,6.269105774965706,6.828413911957856,7.3410178358354,7.684294343103424,recession_view
39,4.810958263259729,5.17401090924364,5.703855250871001,6.264120660692062,6.833185050088004,7.359620903612072,7.714616816561031,recession_view
40,4.791324151495084,5.148109943811643,5.713520541807327,6.265756345590676,6.848138756828045,7.343504790483678,7.722002824251681,recession_view
41,4.796003671267491,5.146479806554209,5.700347832004715,6.265166642054057,6.84203420971634,7.371345791528529,7.741996419930178,recession_view
42,4.759497683661169,5.145025956227594,5.691995238225507,6.254479343461798,6.837522085998006,7.365092314400343,7.71107167800102,recession_view
43,4.766275426477179,5.1302005757021725,5.691912181395506,6.2532471302847945,6.850340014567317,7.3843581232541124,7.720860362383956,recession_view
44,4.743529166348756,5.112732640327757,5.673815884714823,6.257234283998958,6.838469503547527,7.394576108123237,7.730613984319337,recession_view
45,4.765144878617355,5.136359723641821,5.668112949667458,6.257859150552894,6.824791761238695,7.388655286267314,7.720632749824894,recession_view
46,4.75504991944271,5.125435201662268,5.663554102001408,6.244106915937931,6.819157714764012,7.383707131614963,7.6969051937277415,recession_view
47,4.7315332483661825,5.11010438305827,5.666119453613786,6.237719220550627,6.8283880469846,7.364789706740715,7.707307212664263,recession_view
48,4.745845892205341,5.078622231902711,5.669049804806658,6.232783694756186,6.8314215476885805,7.358970980280756,7.703356519993429,recession_view
49,4.717976075605663,5.086604280879232,5.649797390968696,6.232695731972871,6.8368310201834905,7.3825485627526595,7.694610548041146,recession_view
50,4.744719230302653,5.087100175780949,5.64089451211606,6.243941025776315,6.842817516797078,7.366070347299094,7.7346288089773845,recession_view
51,4.722747395477944,5.063897582899135,5.641105968547996,6.2511801068719635,6.8241229381040025,7.392811548788353,7.718390979840997,recession_view
52,4.737509578970898,5.043969146567698,5.63824979172473,6.245330009749583,6.809907725664514,7.398249689014825,7.722913843503483,recession_view
1,5.942819793476738,6.022545879054713,6.144274899090622,6.275435635770975,6.41183728786374,6.53429044337603,6.604686593618838,stress_view
2,5.811339704593527,5.916979219325094,6.103064943739618,6.284774748493581,6.480461006593041,6.665043907047583,6.774660562799436,stress_view
3,5.731086110465476,5.868202355086005,6.074355240460978,6.3121681466440815,6.5378497322677,6.763162791401883,6.909068767462828,stress_view
4,5.659269767782618,5.820571741312901,6.061625687346426,6.323171179324216,6.582293256824409,6.846904199177231,7.040865949667151,stress_view
5,5.587186704354332,5.776315421927014,6.034159071136598,6.336001313338595,6.636594403890193,6.921574911537673,7.1372586678566385,stress_view
6,5.562620919919216,5.74734804774159,6.026938397698514,6.356263558967192,6.675776516388398,7.0002039913678535,7.204848553586286,stress_view
7,5.536568104802547,5.734694373336639,6.026587741108826,6.365466347766553,6.7033661911363644,7.049932208547951,7.296021329845916,stress_view
8,5.488053769488092,5.69243252248868,6.0165417849852405,6.373329070163905,6.741526229169434,7.096888217739959,7.338939571800636,stress_view
9,5.454438423747438,5.661101946566586,6.0102652600850615,6.388607675768945,6.77272572061885,7.139210049000717,7.384128710139789,stress_view
10,5.389600271409877,5.638225268801568,5.992123394547715,6.396984898722499,6.790080233341794,7.188808266979741,7.427796292034431,stress_view
11,5.338890354936214,5.612726966492015,5.991900151056431,6.397757507468992,6.811086293216861,7.220868203795078,7.484833370113307,stress_view
12,5.30825719232995,5.580668615330655,5.9899763892964275,6.402856587047433,6.848464952229827,7.262219728292973,7.520382670385287,stress_view
13,5.292896404617938,5.5831644633973765,5.992453563873296,6.414389398115469,6.859933209186396,7.289358128205281,7.546243350262196,stress_view
14,5.280268266043517,5.5508785790218305,5.981008438428181,6.421864794558309,6.881378266517359,7.323057895754035,7.593116474848401,stress_view
15,5.285868491710245,5.546150580063141,5.969932689964705,6.42163617459585,6.896761395537749,7.330023531157248,7.646073888898942,stress_view
16,5.247882400834734,5.544330075338015,5.95672634818736,6.416569592041874,6.898966362391526,7.381700871030942,7.696047585118967,stress_view
17,5.241441906240901,5.5055844798264015,5.968152036678196,6.430415056279342,6.921222151195261,7.393695811621854,7.727032347080551,stress_view
18,5.211078943241602,5.498947456862387,5.941801011122525,6.415407678259005,6.9321188745781015,7.402135200680285,7.769193238602483,stress_view
19,5.227946942552379,5.496868323938847,5.930026716482521,6.4257811003679715,6.947817770961452,7.440411944603768,7.78298934882556,stress_view
20,5.1976409037590345,5.490750735123682,5.939208709971643,6.422904118575506,6.959484445815951,7.456413302863433,7.7714711728018235,stress_view
21,5.194104780410496,5.479330075988464,5.9356810610570445,6.439564030092091,6.970530985588393,7.475960835459724,7.780798377366722,stress_view
22,5.161748724839192,5.4625608867925175,5.938878538136883,6.4420395712358305,6.973156545164626,7.491348504493878,7.811225442200862,stress_view
23,5.179191598245971,5.447460177661936,5.934118989297371,6.435768920426209,6.987095898460442,7.517432677391363,7.832058303031735,stress_view
24,5.140310518407721,5.43246259399932,5.926391580095958,6.429678660095265,6.976966994541504,7.526780714183749,7.868751227435455,stress_view
25,5.117029085744243,5.393603736895733,5.9112032865965265,6.435792632695008,6.995360874648821,7.550373077838615,7.883894018692505,stress_view
26,5.093439757494806,5.396858409142102,5.907370841585509,6.434086593869471,6.993588760538565,7.563534010984674,7.918927184220805,stress_view
27,5.122979155423232,5.399068812350672,5.896158984371366,6.445052569599287,7.011490489409933,7.578293673067267,7.944794652480131,stress_view
28,5.098611294316413,5.388625378689593,5.892472621059424,6.445808558899245,7.011680777551122,7.570862969333347,7.96311994814256,stress_view
29,5.057409180840594,5.4057314599471855,5.899434490042172,6.450567800010733,7.038541725867766,7.572083656540761,8.005339323024092,stress_view
30,5.070065557508186,5.390082715603595,5.903341694423701,6.457920407504995,7.046677787383279,7.592072765155493,7.932701539650023,stress_view
31,5.047445482369926,5.389580205340994,5.9102575194021885,6.464613262659889,7.045943685573182,7.620920432634997,7.962621881354164,stress_view
32,5.035681939442281,5.373524477114279,5.90819705241303,6.478476374847202,7.049361447343177,7.6480994954168615,7.990854000958025,stress_view
33,5.057329107600366,5.390088858218566,5.903968881583359,6.468607722477355,7.068362182691837,7.656760920742567,8.014349496618994,stress_view
34,5.053636521329636,5.3718425123600655,5.907375157246307,6.471650513006285,7.0562298930011185,7.634606032207925,8.01719829361928,stress_view
35,5.037607231540064,5.368803468490518,5.8904702548791015,6.471465542330579,7.066436054299148,7.647991684502296,8.029877142533994,stress_view
36,5.011828531392944,5.380194437705443,5.877658853906565,6.480501911992208,7.070346822825939,7.644451481190624,8.02468396955418,stress_view
37,5.000318775501662,5.362986092570394,5.883470238139735,6.472633589884804,7.070941302603967,7.622203753866103,8.036384149250296,stress_view
38,5.0088710361116,5.343252445690216,5.886567926300961,6.479465407649839,7.07320394727464,7.631962441651511,8.012490504847687,stress_view
39,4.99791643725804,5.348589230599602,5.875090625110812,6.478317324363505,7.086617411019811,7.644008018154303,8.033054356851986,stress_view
40,4.968327813558945,5.3409459095679095,5.888906537147129,6.478598696687882,7.099235791857836,7.665195815834503,8.03875647601114,stress_view
41,4.964370092137275,5.330067576362782,5.875380787277361,6.480679382431411,7.07731245284541,7.639878745618945,8.00842580180073,stress_view
42,4.958134835575911,5.336763196932383,5.87932984355098,6.48657367503545,7.087754384114036,7.654970638127628,8.050213135594598,stress_view
43,4.952234543152303,5.348012961603402,5.882215384707534,6.486325488583231,7.096331783404961,7.664272016813726,8.03514041405834,stress_view
44,4.985153365539053,5.340064188270402,5.84749701465267,6.484196483771589,7.092031119692123,7.666501789154597,8.036617213489222,stress_view
45,4.954113835392825,5.3164280318912995,5.864897564653006,6.484773140159927,7.096942435116648,7.691325871563286,8.046723084950571,stress_view
46,4.953240454841278,5.3086433237315385,5.868833720741281,6.467868168215468,7.105210399702149,7.692972418000828,8.073628746857995,stress_view
47,4.92426670103836,5.2821032040199905,5.855906038913792,6.464737818297687,7.103517201848147,7.689815204407627,8.052172830481446,stress_view
48,4.9107596877779285,5.2753664250048935,5.857177442120765,6.463196183781704,7.084348081915127,7.698052184451394,8.05974973694466,stress_view
49,4.893720932386922,5.263661538685163,5.866240413862164,6.444566604560089,7.082728290635094,7.680385631140544,8.053121062631266,stress_view
50,4.889223900696057,5.251307990862114,5.8529525756324485,6.4586431004001685,7.112228274309091,7.7137875484450635,8.06118072645012,stress_view
51,4.919018430387034,5.26919585138252,5.861296150718936,6.460344514078422,7.1076707168358935,7.720891979814651,8.092137176087398,stress_view
52,4.9278129291513455,5.275386102866841,5.846519607194681,6.469371098537168,7.097980826088985,7.719087968071896,8.111648284292885,stress_view
