scenario,week,p05,p10,p25,p50,p75,p90,p95
base_case,1,5.985488866139988,6.038073327509872,6.137778477257537,6.251083853552895,6.358782713453192,6.45833163486595,6.5226749231263
base_case,2,5.863651866554025,5.951207667983873,6.084821482872216,6.244114088187491,6.4008470409180696,6.543857239848731,6.642141418928202
base_case,3,5.782842233594195,5.877160177323775,6.04495265851028,6.2455118231093,6.445259213985427,6.620532512907333,6.72558470986972
base_case,4,5.705470482402373,5.823650288796106,6.020188555231931,6.249490010977374,6.474221932282417,6.678033985164009,6.804870323072903
base_case,5,5.644846865530242,5.777895176890619,5.993474435066119,6.249719482086864,6.504486401267119,6.729131716721927,6.880158913731625
base_case,6,5.606339770455869,5.735892394781508,5.974754172281366,6.2452728135322175,6.530231998369472,6.766832789983807,6.911335272501147
base_case,7,5.558153384514829,5.7045751186184495,5.9498458978425095,6.248354619530978,6.553895419021184,6.814751494715258,6.966829070046404
base_case,8,5.521283405373859,5.662388827453768,5.929822748290257,6.253193236096317,6.565860678577309,6.848568410883878,7.028356955257179
base_case,9,5.464365120745385,5.62938883550848,5.911168314637364,6.249469509923722,6.5823926863877045,6.881477712562248,7.065703386330934
base_case,10,5.412175286952616,5.596814407151982,5.8916572237983145,6.248727427083224,6.60318110733082,6.918854027788628,7.122097980131558
base_case,11,5.3796713483145755,5.565437557565418,5.884458339902071,6.2603116198014925,6.607872409167799,6.94818012104865,7.145640983707103
base_case,12,5.349444612447864,5.540348720987803,5.870410489353413,6.2544814481073345,6.625325250756228,6.978189231170004,7.186511129695426
base_case,13,5.315184722894819,5.502965845158101,5.846004822343111,6.256665280006757,6.637669863253027,7.004909792664988,7.231022636814999
base_case,14,5.274600124143708,5.475967294514705,5.833375278752281,6.2520918939270835,6.652630706251877,7.045383256198098,7.261002228426458
base_case,15,5.2344360153826806,5.4631242470532415,5.821839199250649,6.248422037384149,6.666221915385005,7.062647056117691,7.314353731653458
base_case,16,5.201968656287749,5.434685875823405,5.809967114324703,6.245769903907776,6.68936493027609,7.0829612377752165,7.327361205907437
base_case,17,5.169285830591391,5.418078172408862,5.815222303614286,6.242326840617396,6.701363290865758,7.119757948256919,7.368859133297529
base_case,18,5.132384553870482,5.390000832984086,5.797792473681697,6.247868122669121,6.705261062577839,7.133623944318783,7.387479533510534
base_case,19,5.0863510348265635,5.360244457605535,5.798461853249992,6.239110148056558,6.714399130556894,7.1489647840506505,7.411171500103021
base_case,20,5.088295869390101,5.3470024995537555,5.780035530281744,6.248469546748051,6.705911411903937,7.181786894646006,7.442505057420781
base_case,21,5.07104974620328,5.3305796456918815,5.768420536403993,6.241642861295977,6.723163320377547,7.190941090519939,7.443511647563563
base_case,22,5.052461514467304,5.3200128902087105,5.745632191324944,6.241861589492686,6.733137992330862,7.1910965835294185,7.461388302520117
base_case,23,5.030485051771565,5.305406168104715,5.747336223921686,6.229006443543566,6.7351257372474675,7.208638461874354,7.479157015114043
base_case,24,5.011975414608234,5.279052729930262,5.740362158469813,6.227208832302904,6.735693612115083,7.210863958013333,7.497917577333784
base_case,25,4.996127168874594,5.270135464839892,5.728148553018712,6.232732013700498,6.750405137308293,7.231907699969857,7.510248426874561
base_case,26,4.957839377289469,5.2539801838810405,5.717918972030216,6.242792580037952,6.745973327390962,7.237970599307744,7.540932482032294
base_case,27,4.943797460601856,5.249570956822048,5.717894680769286,6.237936860494242,6.75863385362922,7.252856835837036,7.565980553504164
base_case,28,4.927038823550071,5.214020982174379,5.704638138195312,6.243740111854043,6.777516430596579,7.270361046525321,7.581462270236462
base_case,29,4.906907357398108,5.196605986643746,5.710877542915435,6.246281730354898,6.776841540297342,7.275015544252454,7.6011803214555025
base_case,30,4.867058589062298,5.192671180142712,5.689959131469651,6.2500351210911145,6.785691186173592,7.288077791318779,7.6001056653209655
base_case,31,4.861138223227821,5.181530666471564,5.688129522222445,6.239375792990515,6.788947647230693,7.295434401968672,7.6103850298773965
base_case,32,4.849612812279365,5.171767436079968,5.667526022278263,6.234277161928274,6.7980463250752665,7.312733868518572,7.622656058849919
base_case,33,4.8672301569997565,5.151079285381392,5.675156661083793,6.2316968068070615,6.806389220774472,7.311124781344726,7.627212840729211
base_case,34,4.828984430106988,5.148526916023322,5.653449468016062,6.229361961771976,6.816301386256814,7.333736979838989,7.650217882154396
base_case,35,4.834841950118602,5.134383503138842,5.63436378938143,6.2361086581085985,6.807189734140683,7.336141717390385,7.662939212698043
base_case,36,4.815204422533776,5.132270524552247,5.636605454389305,6.227355513466502,6.818482195856522,7.338794123603902,7.688474814570164
base_case,37,4.796840975464557,5.1289985957065,5.639402131389021,6.232406783224151,6.824671934900708,7.341670639657328,7.697632339684077
base_case,38,4.788746421008052,5.114517872918222,5.6296831170474375,6.225653972882997,6.836766535444148,7.3533527103741925,7.723885175799029
base_case,39,4.798406839549659,5.108302066411391,5.625096413484168,6.22444249369962,6.83717523639468,7.372744318430671,7.731730162463361
base_case,40,4.771222189419927,5.0973950204860445,5.623485069261505,6.23158736545278,6.846428436608178,7.378418035829823,7.770836362393538
base_case,41,4.772866840402287,5.07845482220139,5.627082921410717,6.216744325914945,6.8450524976286475,7.386983299604103,7.766776063831908
base_case,42,4.745229566371872,5.050696689025635,5.60496428481985,6.2233833225032145,6.839267443455115,7.406004506176272,7.748663167910579
base_case,43,4.73323642615694,5.054560499406999,5.601693731821673,6.226261778315584,6.837219973373446,7.43017962902169,7.755132572589929
base_case,44,4.735079060004994,5.058356343528947,5.6038495489929385,6.224091046349563,6.850413868344091,7.430368025146006,7.780471618355478
base_case,45,4.739578547597536,5.054442071577022,5.598991016189951,6.228381225701645,6.8614656213118845,7.436502028131787,7.799026695390826
base_case,46,4.7094668688623305,5.045121219780136,5.580282240961021,6.223528856992804,6.8671824662206316,7.435978593794825,7.797007053899868
base_case,47,4.693470675698217,5.028201212249394,5.587626923498125,6.228342563671093,6.867774558033705,7.447325943590743,7.819208317780251
base_case,48,4.672707767970452,5.013687952241355,5.583036323696734,6.238441066940586,6.869154029372709,7.472667540703026,7.8174808614859
base_case,49,4.645583487483469,5.01272115664872,5.573672858295897,6.239529885977907,6.863634045910826,7.466207818272215,7.810290066625426
base_case,50,4.6582989799997065,5.005297647392481,5.561993851144842,6.230094170935506,6.878897862189655,7.456935363241859,7.81911523979446
base_case,51,4.6501359419944235,5.003392011216936,5.5629037994485415,6.230306151596532,6.875507194490977,7.475896205783733,7.815904814195037
base_case,52,4.613674424586116,4.982369634512325,5.562503045560659,6.238124098341262,6.883495571512093,7.474399974586203,7.8079381110721116
easing_narrowing,1,5.991955144140285,6.039281159373182,6.129015794146078,6.230990632811902,6.32791960672217,6.417513635993652,6.475422595427966
easing_narrowing,2,5.86193447504794,5.940734696334804,6.060987129734313,6.20435047451806,6.345410131975581,6.474119311013176,6.5625750721847
easing_narrowing,3,5.769504933000536,5.854391082357158,6.0054043154250145,6.185907563564132,6.365680215352645,6.523426184382362,6.617973161648511
easing_narrowing,4,5.680263142742191,5.78662496849655,5.963509408288791,6.169880718459691,6.37213944763423,6.555570295227661,6.669722999345666
easing_narrowing,5,5.606307502201384,5.726050982425724,5.920072314783674,6.150692857102344,6.379983084364573,6.582163868273901,6.718088345582628
easing_narrowing,6,5.552467090679996,5.669064452573072,5.884040052322946,6.12750682944871,6.383970095802241,6.596910808255142,6.726963042520746
easing_narrowing,7,5.490138836543855,5.621918397237112,5.842662098538767,6.111319948058389,6.386306667599573,6.62107713572424,6.757946953522272
easing_narrowing,8,5.438225880416156,5.565220760288073,5.805911289040914,6.096944728066369,6.378345426299263,6.632782385375172,6.794592075311144
easing_narrowing,9,5.3685051435632465,5.517026486850032,5.770628018066027,6.0750990938237495,6.374729952641335,6.643906476198423,6.809709582590241
easing_narrowing,10,5.303278896729089,5.469454104908519,5.734812639890219,6.056175822846638,6.375184135069475,6.6592897634815,6.842209320590138
easing_narrowing,11,5.256010553758635,5.423200142084394,5.7103188461873815,6.048586798096862,6.361391508526534,6.667668449219301,6.845383225611909
easing_narrowing,12,5.211032832635221,5.382846530321166,5.6799021218502155,6.025565984728745,6.359325407112748,6.676902989485149,6.864392698158028
easing_narrowing,13,5.16266604030304,5.331669050339993,5.640404129806502,6.009998541703783,6.352902666625426,6.683418603096193,6.8869201628312045
easing_narrowing,14,5.108846695893081,5.2900771492269785,5.611744335040795,5.988589288698119,6.349074219790431,6.702551514742032,6.896608589747556
easing_narrowing,15,5.0556438524027625,5.2614632609062655,5.584306717883931,5.968231272204081,6.344251162404852,6.701033789064268,6.927569797046462
easing_narrowing,16,5.009604101265198,5.21904959884729,5.556802713498457,5.949025224123224,6.348260747854707,6.702497424603923,6.922457395922919
easing_narrowing,17,4.963604091743763,5.187517199379488,5.544946917464367,5.9293410007671685,6.342473805990695,6.71902899764274,6.943220064179288
easing_narrowing,18,4.914038548383443,5.145893199585687,5.512905676213537,5.917973760302218,6.329627406220065,6.715153999786913,6.94362403005949
easing_narrowing,19,4.856482299296432,5.102986379797507,5.497382035877518,5.893965501203426,6.321725585453729,6.71283467359811,6.948820718045247
easing_narrowing,20,4.842332000254788,5.075167967402077,5.464897695057265,5.886488309876943,6.29818598851724,6.726473922985101,6.961120269482399
easing_narrowing,21,4.811132308159454,5.044709217699193,5.438766019340093,5.8646661117428796,6.298034524916293,6.719034518044444,6.946348019383707
easing_narrowing,22,4.778944172067025,5.0197404102342915,5.402797781238899,5.849404239589867,6.2915530021442265,6.703715734222923,6.946978281314557
easing_narrowing,23,4.743923037456218,4.9913520421560555,5.389089092391328,5.822592290051023,6.2780996543845315,6.70426110654873,6.947727804464449
easing_narrowing,24,4.712235399616296,4.952604983406122,5.367783469091717,5.805945475541497,6.263581777372463,6.691235088680885,6.949583346069292
easing_narrowing,25,4.6831533148757885,4.929760781244558,5.341972560605495,5.796097675219102,6.262003486466117,6.695355792861522,6.9458624470757595
easing_narrowing,26,4.634082899809674,4.90060962574209,5.318154535076349,5.79054078228331,6.243403454901021,6.686200999626123,6.95886669407822
easing_narrowing,27,4.607038014327105,4.882234160925275,5.303725512477789,5.771763474230251,6.240390768051731,6.685191452038764,6.967002797939181
easing_narrowing,28,4.57774933106129,4.836033273823167,5.277588714242008,5.762780490534867,6.243179177403147,6.686739331739015,6.966730433079043
easing_narrowing,29,4.545623392143951,4.806352158465027,5.26919655910955,5.751060327805065,6.228564156753263,6.676920760312864,6.97046905979561
easing_narrowing,30,4.49594724671914,4.788998578691517,5.23655773488576,5.740626125545076,6.222716584119308,6.674864528749977,6.955689615351943
easing_narrowing,31,4.476999141224112,4.765352340143477,5.2212913103192715,5.717412954010538,6.212027622826695,6.667865702090878,6.951321267208731
easing_narrowing,32,4.453196123988311,4.743135285408853,5.189318012987321,5.699394038672328,6.206786285504621,6.670005074603599,6.948935045901809
easing_narrowing,33,4.45580840697193,4.7112726225154,5.182942260647561,5.683828391798505,6.201051564369176,6.6553135688823994,6.93979282232844
easing_narrowing,34,4.408327977634264,4.695916214958966,5.150346511752431,5.668667756132757,6.19691323816911,6.662605272393065,6.947438084476933
easing_narrowing,35,4.400721795770613,4.670309193488828,5.120291451107159,5.661861832961611,6.175834801390482,6.651891586315217,6.946009332092109
easing_narrowing,36,4.370348710685592,4.655708202502215,5.10960963935557,5.641284692525046,6.173298706676065,6.641579441648708,6.956292063518342
easing_narrowing,37,4.341298293180625,4.640240151398376,5.099603333512642,5.633307520164262,6.166346156673161,6.631644990954118,6.952010520978192
easing_narrowing,38,4.321663270564257,4.614857577283407,5.078506296999702,5.614880067251704,6.164881373556744,6.629808930993779,6.963288149876131
easing_narrowing,39,4.3181785521920055,4.5970842563675625,5.062199168733062,5.601610640926967,6.153070109352524,6.635082283184916,6.958169542814341
easing_narrowing,40,4.281701577743691,4.575257125703197,5.04873816960111,5.59603023617326,6.149387200213117,6.6281778395125945,6.981354333419941
easing_narrowing,41,4.271336796906974,4.546365980526168,5.040131269814561,5.570826533868368,6.136303888410703,6.624041610188611,6.9658550979936305
easing_narrowing,42,4.234781662235762,4.509702072624148,5.00854290883894,5.565120042753969,6.119415751610681,6.629479108059719,6.9378719036206
easing_narrowing,43,4.212467221378489,4.501658887303541,4.9940787964767495,5.556190038321269,6.106052413873344,6.639716103956764,6.932173753168179
easing_narrowing,44,4.2027635833298564,4.493713138501418,4.984657023419011,5.5428743710399715,6.106564910835049,6.628523651956769,6.943616885845295
easing_narrowing,45,4.195607390063072,4.47898456164461,4.969078611796247,5.535529800356768,6.105305756405984,6.622838522543893,6.94911072307703
easing_narrowing,46,4.157455130672182,4.459544046498211,4.941188965561004,5.520110919989609,6.099399168294653,6.611315683111431,6.9362412972059655
easing_narrowing,47,4.132158535332579,4.433416018228637,4.936899158352495,5.51354323450817,6.08903202943452,6.610628276435852,6.945322413206409
easing_narrowing,48,4.102721403104961,4.409603568948774,4.922017103258619,5.511881372178085,6.079523038366995,6.622685198564282,6.933017187268864
easing_narrowing,49,4.067706355921616,4.398130258170341,4.902986789652801,5.502258114566612,6.063951858506238,6.606268253631491,6.9159422771493775
easing_narrowing,50,4.068692273818593,4.380991074472089,4.882017657849211,5.48330794566081,6.067231267789545,6.587465018736528,6.913426907633872
easing_narrowing,51,4.051030566436154,4.368961028736417,4.8725216381448595,5.47318375507805,6.053864693683053,6.594214803846533,6.900222551416705
easing_narrowing,52,4.0080411959841875,4.3398668849177735,4.861986954861276,5.470045902363818,6.050880228217565,6.582694190984266,6.882878513821583
rate_shock_down,1,5.939022588139691,5.9968654956465635,6.1065411603689945,6.231177074293889,6.349645820184216,6.4591496337382495,6.529927250824635
rate_shock_down,2,5.7809359294165485,5.877247310989382,6.024222507366561,6.199444373213362,6.371850621216998,6.529161840040727,6.637274437028145
rate_shock_down,3,5.667880741107644,5.771630479210181,5.9562022085153385,6.1768172895742595,6.396539419537998,6.589340048352096,6.704897465010723
rate_shock_down,4,5.558269933490904,5.688267720524012,5.904459813603416,6.156691414923404,6.403896528358952,6.628089786528702,6.767609758228486
rate_shock_down,5,5.466952534744162,5.613305677240576,5.850442861233626,6.132312412956445,6.412556024054727,6.659665871055014,6.825795787765681
rate_shock_down,6,5.399923221488781,5.542431108246984,5.805179063496829,6.102749568872765,6.416204672193747,6.676465542969515,6.835418273738587
rate_shock_down,7,5.322284330113513,5.483348237627494,5.753146094773961,6.081505688631276,6.417600568070505,6.704542251333986,6.871827584198248
rate_shock_down,8,5.2571873054819855,5.412403269769883,5.706580582690022,6.062288119276688,6.40622230600578,6.717200811543004,6.914968210353635
rate_shock_down,9,5.170173032503516,5.35169911874292,5.661656545784693,6.033787860599687,6.400003354710067,6.728996883502063,6.931645124647621
rate_shock_down,10,5.088527045754374,5.291630077973675,5.61595717628464,6.008734399898042,6.398633448170399,6.745873660673985,6.9694420082512085
rate_shock_down,11,5.028725432603295,5.23306826277922,5.58399112334954,5.997429731238903,6.379746599541838,6.754085082610777,6.971292031535074
rate_shock_down,12,4.971635335669191,5.181629855063124,5.544697800265295,5.967175854894608,6.375104037808391,6.7632544162635435,6.992408504641511
rate_shock_down,13,4.910327395566828,5.116886630056438,5.494229504959948,5.945956008389958,6.365061049960857,6.769024972314016,7.017749100879027
rate_shock_down,14,4.842289407495654,5.063793294903751,5.456942077565083,5.917530354257367,6.35812304781464,6.790150852755483,7.027331722206677
rate_shock_down,15,4.774946933837076,5.026503988674691,5.421090436091841,5.8903315580386915,6.349911423839634,6.7859790786455845,7.062856421734931
rate_shock_down,16,4.716307691975827,4.972296633465047,5.3851059958164775,5.864489064357857,6.352443593363002,6.785399531612044,7.054239496557486
rate_shock_down,17,4.657670556211689,4.931342132210908,5.368200676536873,5.838015667240295,6.342955762513494,6.803189885643773,7.077201189188441
rate_shock_down,18,4.594633408197217,4.8780113152221825,5.3265821199895536,5.821665333875719,6.32479756777531,6.795996737690346,7.075237885801275
rate_shock_down,19,4.521791375665615,4.823074140722484,5.3051132759313875,5.789826400218608,6.3126442809689784,6.790666499812109,7.07909388746972
rate_shock_down,20,4.501965758936215,4.786543052116237,5.262879385917023,5.77815680402996,6.2813428557014355,6.80480588671771,7.09159586576996
rate_shock_down,21,4.461269468330155,4.7467523577676145,5.228377337550937,5.748921894932121,6.278594399921847,6.793149947078476,7.070977559826466
rate_shock_down,22,4.4193350211766855,4.713641534492234,5.181822765720089,5.727675103704605,6.268079146826599,6.77183359714501,7.069154488034778
rate_shock_down,23,4.373910189285817,4.676323417252285,5.162446478650951,5.692283720235023,6.249014943309311,6.769878940398887,7.067449348962544
rate_shock_down,24,4.332533835027546,4.626318881881778,5.133759253275282,5.669290594491681,6.228623852285082,6.751311232773152,7.067070214025651
rate_shock_down,25,4.2943181284631455,4.595727254024972,5.099541651021674,5.654583457771639,6.224023893740213,6.753676712667934,7.05985151226311
rate_shock_down,26,4.231650074239459,4.55740496149019,5.067737628454283,5.645098597262791,6.198597419351103,6.739794418459562,7.073052489456565
rate_shock_down,27,4.195881589908009,4.532232435750216,5.047388532092178,5.619434929789632,6.192201622238109,6.735846902666702,7.080282992100545
rate_shock_down,28,4.1573517180673445,4.473032092554081,5.012710964177108,5.605723135201714,6.192877085818503,6.735006163340118,7.077217509422374
rate_shock_down,29,4.115336597114527,4.43400508928473,4.999703801183589,5.588648407366997,6.172264198303687,6.720255602654305,7.079036857577662
rate_shock_down,30,4.051855138967304,4.410028989155763,4.957045735615393,5.573129324199004,6.162350995789728,6.714976261449434,7.058206922851836
rate_shock_down,31,4.02591543581893,4.378347123387042,4.935605864713012,5.541976762557892,6.146505802222087,6.703641232433864,7.050086923133463
rate_shock_down,32,3.9940285050088558,4.3483985911895155,4.893733036007644,5.517159289622654,6.137305369084346,6.703461666871983,7.044376076236465
rate_shock_down,33,3.994414735848548,4.306648777068346,4.883133890340987,5.495328050636584,6.127489706000738,6.682698822628012,7.0303956879509455
rate_shock_down,34,3.9335655301286105,4.285062264636577,4.840477071828588,5.473980814960095,6.119614181893418,6.68879333483381,7.036922327380757
rate_shock_down,35,3.9214416568865245,4.250937365208788,4.8009156800756365,5.462835035675521,6.091024219310812,6.6728714008854855,7.032348645723908
rate_shock_down,36,3.881482820384353,4.230255532604669,4.785023955425433,5.434849020410352,6.085088371039373,6.657431491561492,7.04208025162438
rate_shock_down,37,3.8431329013389677,4.208506283605108,4.76995017285588,5.422255289874524,6.073746956718738,6.642445531951016,7.034003401980445
rate_shock_down,38,3.8162840459768566,4.174632643078042,4.741314411620181,5.396882353039295,6.069106171856565,6.637350964279613,7.044936676246935
rate_shock_down,39,3.809168809937563,4.15005355948547,4.718527341265523,5.377808029502521,6.051814046467088,6.640940036706679,7.035824465142642
rate_shock_down,40,3.761725029778635,4.120515143951369,4.699214197604373,5.368126723414777,6.0444519016857114,6.62964046082952,7.061300620049611
rate_shock_down,41,3.746192410495956,4.08233919047497,4.685830099605231,5.334457644559881,6.025596633444957,6.621720515617961,7.03949255626854
rate_shock_down,42,3.6986465179190104,4.034660352838149,4.644354708211785,5.324615649663487,6.002088182710576,6.6254989517038485,7.002423479611592
rate_shock_down,43,3.668503948020904,4.0219604285959685,4.623806984252109,5.310831835395412,5.982885849959058,6.635141471172131,6.99258970909719
rate_shock_down,44,3.65377345329335,4.009378465169701,4.609420991180093,5.291686638272379,5.980641742466362,6.618591314948468,7.003705267478885
rate_shock_down,45,3.642156186747919,3.9885060631253535,4.5875099021995736,5.2798391326624365,5.976231967833698,6.6087720153355916,7.007549149320535
rate_shock_down,46,3.592655308934745,3.9618750949443293,4.5505522182433005,5.258123495878262,5.966142466028872,6.591818206360488,6.988949512476034
rate_shock_down,47,3.5588681369188553,3.9270717271251496,4.542440009498754,5.247227213689021,5.950602407487894,6.588108931600637,6.99717954320909
rate_shock_down,48,3.520022267918037,3.895100470616032,4.5213836792169495,5.242328896785187,5.93611315546052,6.599978017923873,6.979272670785034
rate_shock_down,49,3.4743616126878067,3.87821304876958,4.49525992058148,5.2277026510316915,5.914217226957901,6.577048376555432,6.955538849743962
rate_shock_down,50,3.472705483735077,3.8544040178671306,4.466769841994725,5.201680193764455,5.9153642541440234,6.551205505301444,6.949603369509309
rate_shock_down,51,3.451288667463498,3.8368434928688524,4.4523064599236175,5.1864490472864055,5.896170194470297,6.556598106892328,6.930607576144763
rate_shock_down,52,3.3928667547617937,3.7984314856806227,4.436578237833793,5.179761395892453,5.889670016380371,6.53966485976189,6.906556809896394
rate_shock_up,1,5.979022588139691,6.0368654956465635,6.146541160368995,6.27117707429389,6.389645820184216,6.4991496337382495,6.569927250824635
rate_shock_up,2,5.869758219278861,5.966069600851695,6.113044797228873,6.2882666630756745,6.460672911079311,6.617984129903038,6.726096726890457
rate_shock_up,3,5.804871684193983,5.908621422296521,6.093193151601678,6.3138082326606,6.5335303626243375,6.726330991438436,6.841888408097063
rate_shock_up,4,5.744221160762239,5.874218947795347,6.09041104087475,6.34264264219474,6.589847755630286,6.814041013800037,6.953560985499822
rate_shock_up,5,5.702087746274419,5.848440888770832,6.085578072763884,6.367447624486702,6.647691235584983,6.894801082585272,7.060930999295939
rate_shock_up,6,5.684318544971005,5.8268264317292084,6.089574386979054,6.387144892354989,6.700599995675971,6.960860866451739,7.119813597220812
rate_shock_up,7,5.655860229636854,5.816924137150836,6.086721994297302,6.415081588154617,6.7511764675938455,7.038118150857326,7.205403483721589
rate_shock_up,8,5.639755818246183,5.7949717825340805,6.0891490954542205,6.444856632040885,6.788790818769978,7.099769324307203,7.297536723117833
rate_shock_up,9,5.601464442618693,5.782990528858098,6.092947955899869,6.465079270714864,6.831294764825246,7.160288293617241,7.362936534762798
rate_shock_up,10,5.5682113684816805,5.771314400700981,6.095641499011947,6.488418722625347,6.878317770897706,7.225557983401291,7.449126330978516
rate_shock_up,11,5.556428331067196,5.760771161243122,6.111694021813442,6.525132629702805,6.9074494980057395,7.281787981074679,7.498994929998975
rate_shock_up,12,5.546950138414839,5.756944657808773,6.120012603010946,6.542490657640259,6.9504188405540415,7.338569219009194,7.567723307387159
rate_shock_up,13,5.532824141090731,5.739383375580339,6.1167262504838495,6.56845275391386,6.987557795484758,7.391521717837918,7.640245846402929
rate_shock_up,14,5.5115216618042515,5.733025549212347,6.12617433187368,6.586762608565964,7.027355302123238,7.459383107064083,7.696563976515274
rate_shock_up,15,5.490456931321404,5.742013986159017,6.136600433576167,6.605841555523018,7.0654214213239594,7.501489076129913,7.778366419219257
rate_shock_up,16,5.477630213792351,5.7336191552815725,6.146428517633002,6.6258115861743825,7.113766115179528,7.546722053428568,7.8155620183740115
rate_shock_up,17,5.464335856932768,5.738007432931987,6.174865977257953,6.644680967961373,7.149621063234571,7.609855186364849,7.883866489909522
rate_shock_up,18,5.446169424350839,5.729547331375803,6.178118136143174,6.673201350029341,7.176333583928933,7.647532753843969,7.926773901954897
rate_shock_up,19,5.417725391932016,5.719008156988883,6.201047292197789,6.6857604164850075,7.208578297235377,7.68660051607851,7.9750279037361205
rate_shock_up,20,5.441825664379027,5.726402957559047,6.202739291359837,6.718016709472772,7.221202761144248,7.744665792160523,8.031455771212773
rate_shock_up,21,5.444584702455986,5.730067591893445,6.211692571676768,6.7322371290579515,7.261909634047678,7.776465181204307,8.054292793952294
rate_shock_up,22,5.445637285124004,5.739943798439553,6.208125029667407,6.753977367651922,7.294381410773918,7.798135861092327,8.0954567519821
rate_shock_up,23,5.442733979014312,5.745147206980778,6.231270268379443,6.761107509963514,7.317838733037805,7.838702730127381,8.136273138691038
rate_shock_up,24,5.44341683949807,5.737201886352299,6.244642257745805,6.780173598962206,7.339506856755606,7.862194237243675,8.177953218496173
rate_shock_up,25,5.44680152533347,5.7482106508953,6.252025047892001,6.807066854641963,7.3765072906105384,7.906160109538259,8.212334909133434
rate_shock_up,26,5.425278747704196,5.751033634954924,6.26136630191902,6.838727270727526,7.392226092815839,7.933423091924295,8.266681162921305
rate_shock_up,27,5.430204289346757,5.766555135188966,6.281711231530931,6.853757629228383,7.426524321676857,7.970169602105451,8.314605691539297
rate_shock_up,28,5.431921171656595,5.747601546143335,6.287280417766361,6.880292588790965,7.4674465394077565,8.009575616929368,8.351786963011627
rate_shock_up,29,5.429709591147638,5.748378083317841,6.314076795216701,6.9030214014001094,7.486637192336799,8.034628596687416,8.393409851610775
rate_shock_up,30,5.405592571044155,5.763766421232616,6.310783167692244,6.926866756275854,7.5160884278665785,8.068713693526286,8.41194435492869
rate_shock_up,31,5.418582348109582,5.771014035677693,6.328272777003664,6.934643674848543,7.539172714512736,8.096308144724517,8.442753835424114
rate_shock_up,32,5.425194102311281,5.779564188491942,6.324898633310069,6.948324886925078,7.568470966386771,8.134627264174409,8.475541673538892
rate_shock_up,33,5.463652392034073,5.775886433253867,6.352371546526514,6.964565706822108,7.59672736218626,8.151936478813539,8.499633344136475
rate_shock_up,34,5.4404527857132035,5.791949520221173,6.3473643274131835,6.98086807054469,7.626501437478014,8.195680590418403,8.543809582965354
rate_shock_up,35,5.465560209815973,5.795055918138237,6.3450342330050855,7.00695358860497,7.635142772240258,8.216989953814931,8.57646719865336
rate_shock_up,36,5.462418511626898,5.811191223847214,6.36595964666798,7.015784711652897,7.666024062281918,8.238367182804037,8.623015942866923
rate_shock_up,37,5.460475696502784,5.8258490787689245,6.387292968019695,7.039598085038341,7.6910897518825525,8.259788327114832,8.651346197144257
rate_shock_up,38,5.469628013883225,5.827976610984412,6.3946583795265495,7.050226320945663,7.722450139762932,8.29069493218598,8.6982806441533
rate_shock_up,39,5.49811209886236,5.838996848410267,6.4074706301903195,7.0667513184273165,7.740757335391884,8.329883325631473,8.724767754067434
rate_shock_up,40,5.485869841908268,5.844659956080998,6.423359009734005,7.09227153554441,7.768596713815344,8.35378527295915,8.785445432179241
rate_shock_up,41,5.5051449750169965,5.841291754996012,6.444782664126271,7.0934102090809255,7.7845491979659975,8.380673080139,8.798445120789582
rate_shock_up,42,5.492017063063846,5.8280308979829805,6.437725253356618,7.117986194808319,7.7954587278554115,8.418869496848682,8.795794024756427
rate_shock_up,43,5.495906672317623,5.84936315289269,6.451209708548834,7.138234559692135,7.810288574255782,8.462544195468853,8.819992433393914
rate_shock_up,44,5.5148264962116915,5.870431508088041,6.470474034098433,7.1527396811907185,7.8416947853847,8.479644357866805,8.864758310397221
rate_shock_up,45,5.536481598889554,5.882831475266986,6.481835314341206,7.17416454480407,7.870557379975331,8.503097427477224,8.901874561462169
rate_shock_up,46,5.51987902188335,5.889098807892937,6.477775931191907,7.185347208826867,7.893366178977475,8.519041919309092,8.916173225424638
rate_shock_up,47,5.518619932839778,5.886823523046071,6.502191805419675,7.206979009609943,7.910354203408817,8.547860727521556,8.956931339130014
rate_shock_up,48,5.5119357489780505,5.887013951676046,6.513297160276963,7.234242377845202,7.928026636520533,8.591891498983886,8.971186151845044
rate_shock_up,49,5.498074170350446,5.901925606432221,6.518972478244121,7.251415208694333,7.93792978462054,8.600760934218071,8.9792514074066
rate_shock_up,50,5.527858267975561,5.9095568021076135,6.5219226262352095,7.25683297800494,7.970517038384507,8.606358289541927,9.004756153749794
rate_shock_up,51,5.534499705198993,5.923081381343762,6.538544348398526,7.272686935761313,7.982408082945203,8.642835995367236,9.016845464619669
rate_shock_up,52,5.509838321961803,5.915403052880633,6.5535498050338,7.296732963092463,8.006641583580379,8.656636426961896,9.023528377096405
stress_widening,1,5.912856893138949,5.983845915988292,6.118447868147638,6.271410126146373,6.416803587011775,6.551194630918997,6.63805807007047
stress_widening,2,5.765218316325558,5.883418648255854,6.063797298355118,6.278842315530738,6.490431801717018,6.683495570273412,6.816179212030699
stress_widening,3,5.671322331823269,5.798651555858202,6.025171405459985,6.295926277668661,6.565585255351432,6.802204208896007,6.944024674795229
stress_widening,4,5.58157214517337,5.741114883804911,6.006441543493271,6.3159985087496215,6.619386602511429,6.894532873901578,7.065761930078585
stress_widening,5,5.513867898891401,5.693483119227911,5.984515117764836,6.33044593124284,6.674381272136184,6.9776524480001765,7.181539163963268
stress_widening,6,5.475559137427538,5.650455180267151,5.97291857989196,6.338118745580607,6.722813645110905,7.042224713790258,7.237303065188663
stress_widening,7,5.42377287373564,5.621442214775525,5.952557766728008,6.35554454100744,6.768024620319218,7.120180322506219,7.325485049203268
stress_widening,8,5.386896433642503,5.577388753450378,5.938424546579639,6.37497470511782,6.797075752467159,7.178731191081027,7.421445725984984
stress_widening,9,5.322619795275653,5.5454018102058305,5.925804107029823,6.382510720666408,6.831957008892786,7.235721794228416,7.484426453816146
stress_widening,10,5.264416786284132,5.5136795985532725,5.9117174010258235,6.3937621754604494,6.872274643794707,7.298433086412745,7.572812422075703
stress_widening,11,5.232499788475507,5.483284170964145,5.913962227118629,6.421364154982849,6.8905712206273595,7.34998663166651,7.616558796255422
stress_widening,12,5.203382957591552,5.4611035041204685,5.906686891414044,6.425182685731836,6.925821819307841,7.402188192866441,7.6834227558757595
stress_widening,13,5.168560283467368,5.422064798522797,5.885167417722561,6.4395590355684815,6.953915222950949,7.449689127657095,7.754941467259612
stress_widening,14,5.124948969250032,5.396794649250877,5.879295427971604,6.444562858457588,6.985290255096059,7.51550619752346,7.806591810031741
stress_widening,15,5.081664218395197,5.390393331150451,5.874658516616953,6.450545348097178,7.014575183398333,7.549749123387457,7.889553135360746
stress_widening,16,5.0485369503190975,5.362705196692231,5.869334868668985,6.457668634606132,7.056521920203357,7.58787693532718,7.9178168923056775
stress_widening,17,5.014892721897363,5.350762383350951,5.886906960478271,6.4634980854324695,7.0831972932677605,7.648030080745828,7.98431668055065
stress_widening,18,4.975333850373071,5.323115827176436,5.873634542118211,6.481236668251233,7.098717137128002,7.677007027478278,8.019712072887142
stress_widening,19,4.923232521212003,5.292988641963616,5.884582126083634,6.479457324072495,7.121097450447952,7.7077610826645175,8.061740149335225
stress_widening,20,4.935693418340603,5.284947369061535,5.869541960544322,6.501927882773835,7.119474400734282,7.761906302436074,8.11387582218202
stress_widening,21,4.9220430140127025,5.272408378322314,5.863493580783665,6.502343719387843,7.152396339147961,7.783896328840191,8.124866580849085
stress_widening,22,4.906382025318766,5.267576382569665,5.8421624390765805,6.512072126603031,7.17529527043457,7.793539368552618,8.158433189190061
stress_widening,23,4.885952734105759,5.257096241155512,5.853701816508421,6.503956612997963,7.187217659498226,7.826459837744524,8.191659884618105
stress_widening,24,4.870013826338708,5.230568202023445,5.853335930551838,6.5105789402265115,7.197033392972954,7.838513359935591,8.2260357460182
stress_widening,25,4.857482165472611,5.227393365025766,5.845711034067174,6.526898705987581,7.225757422858106,7.875785882451216,8.251545863772566
stress_widening,26,4.814475546040226,5.21426563493885,5.84058299894024,6.549162369750677,7.228456378677242,7.892652695764896,8.301651237443041
stress_widening,27,4.804023221970275,5.21681744186753,5.849054469196301,6.551111411824994,7.254052352557215,7.921253378537761,8.34397039738839
stress_widening,28,4.789729513700855,5.177155427843668,5.839488588471931,6.567276252911219,7.287874283213641,7.953214514717442,8.373201166727483
stress_widening,29,4.770712395989325,5.161805545470937,5.856072146437719,6.578867799480992,7.2951235429032915,7.967658448242689,8.407980897466807
stress_widening,30,4.724910456625329,5.164487454583896,5.835826188875259,6.5919287748642335,7.315064462725579,7.9932863796715825,8.41452400957453
stress_widening,31,4.724748934194564,5.157278732573614,5.841187187837303,6.585369653374202,7.3272916565984385,8.011048775494713,8.436232123171493
stress_widening,32,4.716861127281312,5.151769869412126,5.8210439607798286,6.586157999307342,7.347246369555778,8.042074553204241,8.460469510151565
stress_widening,33,4.748159939374977,5.1313562626901845,5.838860719888426,6.59018991661484,7.366024675470845,8.047417682240686,8.474136562409742
stress_widening,34,4.703890798981013,5.135273154968064,5.816918600158263,6.594400466728745,7.38676868978328,8.085306741119213,8.512555959245013
stress_widening,35,4.719011457198825,5.123392553776147,5.798365940203643,6.610721512985322,7.3816809656286315,8.095766143015727,8.53694276168107
stress_widening,36,4.6995673658166455,5.127606603541577,5.80845875882161,6.605971338575825,7.403992359802351,8.106413462261317,8.578482395065768
stress_widening,37,4.6816999276349955,5.130112714961621,5.819157488133017,6.619713768110449,7.419271722873798,8.117219974295233,8.59776826933135
stress_widening,38,4.677555151325447,5.117346611404175,5.8128196909786185,6.617380346356621,7.442382305814179,8.139773641969738,8.639992470293267
stress_widening,39,4.697242192078027,5.115600748341364,5.8132731168896115,6.62239032518047,7.449579527818804,8.172597788567392,8.657228678011528
stress_widening,40,4.667053876342869,5.1073871982821295,5.817608764129002,6.638546863987223,7.468582310047008,8.186768268996225,8.716533009857246
stress_widening,41,4.6756534236636735,5.088197199092465,5.828845133025057,6.624888029105766,7.473104060919268,8.20471064358613,8.717430875293664
stress_widening,42,4.6445934382510075,5.056974053833586,5.805235308155776,6.64010100902832,7.471544572313383,8.236639606986945,8.699228800328267
stress_widening,43,4.634526799583971,5.068314298471547,5.806944162231359,6.650111024998138,7.474904588326252,8.275400123451382,8.7140865972685
stress_widening,44,4.64301486401738,5.079439196774719,5.815855024151109,6.653181045582553,7.498716855275166,8.281654966957747,8.754294817790537
stress_widening,45,4.6549686744274466,5.080034431799755,5.815175507027207,6.6648522898679925,7.5195162239418165,8.295815373148681,8.785223673948384
stress_widening,46,4.620078933588398,5.0732123073274344,5.795679685921625,6.664062617564534,7.532994990022099,8.300869762247267,8.78825818338907
stress_widening,47,4.604129097240681,5.056015321584767,5.811240031770556,6.676206146004064,7.539439338393589,8.321833708895593,8.823874914051423
stress_widening,48,4.58163061788781,5.041953866653532,5.810574168118293,6.695370571497497,7.546833070780858,8.361576311076789,8.827074294133672
stress_widening,49,4.55043307782934,5.046068931202428,5.803353728426118,6.702260715796836,7.544801331706274,8.358275924394155,8.822786959670985
stress_widening,50,4.572910344025114,5.041358545005359,5.792898420071044,6.694833851788443,7.57071883498155,8.35106946140202,8.840012294748036
stress_widening,51,4.567094977324181,5.043990670774576,5.799331584887243,6.700324760287031,7.571346168194532,8.381871333439753,8.840882954795013
stress_widening,52,4.522972268853495,5.020710802253875,5.8038909071691265,6.715979328422941,7.587230817203561,8.384951761353609,8.835228245609592
