week_date,dataset_name,DGS10,DGS2,DGS3MO,DGS5,DGS30,DFII10,T10YIE,FEDFUNDS,CPIAUCSL,CPILFESL,PCEPI,PCEPILFE,UNRATE,PAYEMS,INDPRO,VIXCLS,yield_curve_10y_2y,yield_curve_10y_3mo,yield_curve_30y_10y,breakeven_real_gap,dgs10_chg_1w,dgs10_chg_4w,dgs2_chg_1w,dgs2_chg_4w,dgs3mo_chg_1w,dgs3mo_chg_4w,dgs5_chg_1w,dgs5_chg_4w,dgs30_chg_1w,dgs30_chg_4w,dgs10_roll_mean_4w,dgs10_roll_mean_12w,dgs10_roll_std_4w,dgs10_roll_std_12w,vixcls_chg_1w,vixcls_chg_4w,vixcls_roll_mean_4w,vixcls_roll_mean_12w,vixcls_roll_std_4w,vixcls_roll_std_12w,BAMLH0A0HYM2,BAMLC0A4CBBB,target,split
2023-05-04,dgs10_short_oas_1w,3.37,3.75,5.26,3.29,3.73,1.18,2.19,4.83,302.845,306.534,119.951,118.734,3.4,155375.0,101.253,20.09,-0.3799999999999999,-1.89,0.3599999999999999,1.01,-0.1599999999999997,0.0700000000000002,-0.3200000000000003,-0.0699999999999998,0.08,0.3499999999999996,-0.31,-0.08,-0.0299999999999998,0.1899999999999999,3.4725,3.619166666666667,0.0793200268959463,0.2535729528643621,3.0599999999999987,1.6900000000000013,18.0225,19.885,1.4184351706492746,2.1127427240865457,4.95,1.85,0.02,test
2023-05-11,dgs10_short_oas_1w,3.39,3.89,5.2,3.36,3.73,1.23,2.16,4.83,302.845,306.534,119.951,118.734,3.4,155375.0,101.253,16.93,-0.5,-1.81,0.3399999999999998,0.9300000000000002,0.02,-0.06,0.1400000000000001,-0.0699999999999998,-0.0599999999999996,0.1000000000000005,0.0699999999999998,-0.1499999999999999,0.0,0.04,3.4575,3.58,0.0899536917906876,0.2492534307233965,-3.16,-0.870000000000001,17.805,19.615,1.5265101812090311,2.273893337227959,4.81,1.83,0.2599999999999998,test
2023-05-18,dgs10_short_oas_1w,3.65,4.24,5.31,3.69,3.91,1.42,2.23,4.83,302.845,306.534,119.951,118.734,3.4,155375.0,101.253,16.05,-0.5900000000000003,-1.6599999999999997,0.2600000000000002,0.81,0.2599999999999998,0.1099999999999998,0.3500000000000001,0.1000000000000005,0.1099999999999994,0.1899999999999995,0.33,0.06,0.1800000000000001,0.1600000000000001,3.485,3.560833333333333,0.131021626713964,0.2323578092409683,-0.879999999999999,-1.120000000000001,17.525,19.19083333333333,1.7657765052996237,2.432751746604001,4.69,1.82,0.1800000000000001,test
2023-05-25,dgs10_short_oas_1w,3.83,4.5,5.38,3.9,4.01,1.58,2.25,4.83,302.845,306.534,119.951,118.734,3.4,155375.0,101.253,19.14,-0.6699999999999999,-1.5499999999999998,0.1799999999999997,0.6699999999999999,0.1800000000000001,0.3000000000000002,0.2599999999999998,0.4299999999999997,0.0700000000000002,0.2000000000000001,0.2099999999999999,0.2999999999999998,0.0999999999999996,0.25,3.56,3.5400000000000005,0.2206052281038948,0.1886796226414264,3.09,2.1099999999999994,18.0525,19.15333333333333,1.8800775693221208,2.429505499005039,4.58,1.75,-0.2200000000000002,test
2023-06-01,dgs10_short_oas_1w,3.61,4.33,5.5,3.7,3.84,1.45,2.16,5.06,303.334,307.652,120.15,119.083,3.6,155655.0,100.9286,15.65,-0.7200000000000002,-1.89,0.2299999999999999,0.7100000000000002,-0.2200000000000002,0.2399999999999997,-0.1699999999999999,0.5800000000000001,0.1200000000000001,0.2400000000000002,-0.1999999999999997,0.4100000000000001,-0.1699999999999999,0.1099999999999998,3.62,3.513333333333333,0.1807392228232986,0.1464323196652153,-3.49,-4.44,16.9425,18.57333333333333,1.5595164848978444,2.359034214300659,4.65,1.76,0.1200000000000001,test
2023-06-08,dgs10_short_oas_1w,3.73,4.52,5.38,3.87,3.89,1.53,2.2,5.06,303.334,307.652,120.15,119.083,3.6,155655.0,100.9286,13.65,-0.7899999999999996,-1.65,0.1600000000000001,0.6700000000000002,0.1200000000000001,0.3399999999999998,0.1899999999999995,0.6299999999999994,-0.1200000000000001,0.1799999999999997,0.1699999999999999,0.5100000000000002,0.0500000000000002,0.1600000000000001,3.705,3.5275,0.0971253485627442,0.1590383029911131,-2.0,-3.28,16.122500000000002,17.794999999999998,2.269146315247527,2.3096261011842083,4.39,1.74,-0.0099999999999997,test
2023-06-15,dgs10_short_oas_1w,3.72,4.62,5.33,3.91,3.85,1.51,2.21,5.06,303.334,307.652,120.15,119.083,3.6,155655.0,100.9286,14.5,-0.8999999999999999,-1.61,0.1299999999999999,0.7,-0.0099999999999997,0.0700000000000002,0.1000000000000005,0.3799999999999999,-0.0499999999999998,0.0200000000000004,0.04,0.2200000000000002,-0.04,-0.06,3.7225,3.5558333333333336,0.089953691790651,0.1606497224816903,0.8499999999999996,-1.5500000000000007,15.735,17.11916666666667,2.413413902891106,1.9275488831592007,4.21,1.7,0.0799999999999996,test
2023-06-22,dgs10_short_oas_1w,3.8,4.77,5.4,4.03,3.88,1.56,2.24,5.06,303.334,307.652,120.15,119.083,3.6,155655.0,100.9286,12.91,-0.9699999999999998,-1.6000000000000003,0.08,0.6800000000000002,0.0799999999999996,-0.0300000000000002,0.1499999999999994,0.2699999999999996,0.0700000000000002,0.0200000000000004,0.1200000000000001,0.1300000000000003,0.0299999999999998,-0.1299999999999999,3.715,3.5766666666666667,0.0785281265965744,0.17536109931118,-1.59,-6.23,14.1775,16.61,1.177154053923282,2.1713590214422265,4.3,1.66,0.0500000000000002,test
2023-06-29,dgs10_short_oas_1w,3.85,4.87,5.46,4.14,3.92,1.65,2.2,5.06,303.334,307.652,120.15,119.083,3.6,155655.0,100.9286,13.54,-1.02,-1.61,0.0699999999999998,0.5500000000000003,0.0500000000000002,0.2400000000000002,0.1000000000000005,0.54,0.0599999999999996,-0.04,0.1099999999999994,0.4399999999999995,0.04,0.08,3.775,3.6225,0.061373175465883,0.1682057722502155,0.629999999999999,-2.110000000000001,13.65,16.205000000000002,0.653758365148262,2.258625889581854,4.14,1.62,0.1999999999999997,test
2023-07-06,dgs10_short_oas_1w,4.05,4.99,5.46,4.37,4.01,1.78,2.27,5.08,304.014,308.322,120.469,119.39,3.6,155880.0,100.1196,15.44,-0.9400000000000004,-1.41,-0.04,0.49,0.1999999999999997,0.3199999999999998,0.1200000000000001,0.4700000000000006,0.0,0.08,0.2300000000000004,0.5,0.0899999999999998,0.1199999999999996,3.855,3.6725,0.1405939780601003,0.1986831648633286,1.9000000000000004,1.7899999999999991,14.0975,16.008333333333336,1.1083433583512587,2.2093266490998427,4.1,1.59,-0.29,test
2023-07-13,dgs10_short_oas_1w,3.76,4.59,5.47,3.93,3.9,1.52,2.24,5.08,304.014,308.322,120.469,119.39,3.6,155880.0,100.1196,13.61,-0.8300000000000001,-1.71,0.1400000000000001,0.7200000000000002,-0.29,0.0399999999999995,-0.4000000000000003,-0.0300000000000002,0.0099999999999997,0.1399999999999996,-0.4399999999999999,0.02,-0.1099999999999998,0.0499999999999998,3.865,3.690833333333334,0.1287115638424292,0.1954695202159191,-1.83,-0.8900000000000006,13.875,15.711666666666666,1.0897859116976465,2.277134696112836,3.97,1.56,0.0900000000000003,test
2023-07-20,dgs10_short_oas_1w,3.85,4.8,5.49,4.08,3.91,1.5,2.35,5.08,304.014,308.322,120.469,119.39,3.6,155880.0,100.1196,13.99,-0.9499999999999996,-1.64,0.06,0.8500000000000001,0.0900000000000003,0.0500000000000002,0.2099999999999999,0.0300000000000002,0.0200000000000004,0.0899999999999998,0.1499999999999999,0.0499999999999998,0.0100000000000002,0.0300000000000002,3.8775,3.7175,0.1225765067217072,0.1933496597079982,0.3800000000000008,1.08,14.145,15.458333333333334,0.8856824111015652,2.2862189242711253,3.9,1.56,0.1599999999999997,test
2023-07-27,dgs10_short_oas_1w,4.01,4.91,5.51,4.24,4.06,1.64,2.37,5.08,304.014,308.322,120.469,119.39,3.6,155880.0,100.1196,14.41,-0.9000000000000004,-1.5,0.0499999999999998,0.7300000000000002,0.1599999999999997,0.1599999999999997,0.1100000000000003,0.04,0.0199999999999995,0.0499999999999998,0.1600000000000001,0.1000000000000005,0.1499999999999994,0.1399999999999996,3.9175,3.7708333333333335,0.1359840676945735,0.1762982149829302,0.4199999999999999,0.870000000000001,14.3625,14.985,0.7891503870205538,1.7697688601001638,3.78,1.48,0.1900000000000004,test
2023-08-03,dgs10_short_oas_1w,4.2,4.9,5.54,4.3,4.32,1.83,2.37,5.12,304.609,308.96,120.607,119.556,3.5,156043.0,100.9067,15.92,-0.7000000000000002,-1.34,0.1200000000000001,0.54,0.1900000000000004,0.1500000000000003,-0.0099999999999997,-0.0899999999999998,0.0300000000000002,0.08,0.0599999999999996,-0.0700000000000002,0.2600000000000007,0.3100000000000005,3.955,3.838333333333333,0.1933045955655515,0.1722489389511663,1.5099999999999998,0.4800000000000004,14.4825,14.900833333333331,1.0125010288067335,1.6911290383175472,3.98,1.51,-0.1100000000000003,test
2023-08-10,dgs10_short_oas_1w,4.09,4.82,5.54,4.21,4.24,1.76,2.33,5.12,304.609,308.96,120.607,119.556,3.5,156043.0,100.9067,15.85,-0.7300000000000004,-1.4500000000000002,0.1500000000000003,0.5700000000000001,-0.1100000000000003,0.33,-0.08,0.2300000000000004,0.0,0.0700000000000002,-0.0899999999999998,0.2799999999999998,-0.08,0.3400000000000003,4.0375,3.875,0.1472809107344168,0.175317893087011,-0.0700000000000002,2.24,15.0425,14.884166666666667,0.9882433910739692,1.6797210717218158,3.83,1.51,0.2099999999999999,test
2023-08-17,dgs10_short_oas_1w,4.3,4.94,5.56,4.42,4.41,1.97,2.33,5.12,304.609,308.96,120.607,119.556,3.5,156043.0,100.9067,17.89,-0.6400000000000006,-1.2599999999999998,0.1100000000000003,0.3600000000000001,0.2099999999999999,0.4499999999999997,0.1200000000000001,0.1400000000000005,0.0199999999999995,0.0699999999999994,0.2099999999999999,0.3399999999999998,0.1699999999999999,0.5,4.15,3.9141666666666666,0.1267543556125646,0.2128361868300282,2.040000000000001,3.9,16.0175,14.78,1.4292043240913497,1.408700239098,3.95,1.55,-0.0699999999999994,test
2023-08-24,dgs10_short_oas_1w,4.23,4.98,5.58,4.39,4.3,1.91,2.32,5.12,304.609,308.96,120.607,119.556,3.5,156043.0,100.9067,17.2,-0.75,-1.3499999999999996,0.0699999999999994,0.4099999999999999,-0.0699999999999994,0.2200000000000006,0.04,0.0700000000000002,0.0200000000000004,0.0700000000000002,-0.0300000000000002,0.1499999999999994,-0.1100000000000003,0.2400000000000002,4.205,3.9658333333333338,0.0873689494810473,0.2074721595053184,-0.6900000000000013,2.789999999999999,16.715,14.909166666666666,0.9993497886132932,1.5587900805271768,3.91,1.52,-0.1400000000000005,test
2023-08-31,dgs10_short_oas_1w,4.09,4.85,5.56,4.23,4.2,1.85,2.24,5.33,306.082,309.58,120.97,119.689,3.7,156261.0,100.8393,13.57,-0.7599999999999998,-1.4699999999999998,0.1100000000000003,0.3900000000000001,-0.1400000000000005,-0.1100000000000003,-0.1300000000000007,-0.0500000000000007,-0.0200000000000004,0.0199999999999995,-0.1599999999999992,-0.0699999999999994,-0.0999999999999996,-0.1200000000000001,4.1775,3.9958333333333336,0.1050000000004244,0.1959804412012487,-3.629999999999999,-2.35,16.1275,14.902500000000002,1.9038973186601789,1.5648242712836502,3.85,1.51,0.1799999999999997,test
2023-09-07,dgs10_short_oas_1w,4.27,4.94,5.53,4.38,4.36,1.95,2.32,5.33,306.082,309.58,120.97,119.689,3.7,156261.0,100.8393,14.4,-0.6700000000000008,-1.260000000000001,0.0900000000000007,0.3699999999999999,0.1799999999999997,0.1799999999999997,0.0900000000000007,0.1200000000000001,-0.0299999999999993,-0.0099999999999997,0.1499999999999994,0.1699999999999999,0.1600000000000001,0.1200000000000001,4.2225,4.041666666666667,0.0928708781055074,0.1898244803323197,0.8300000000000001,-1.4499999999999993,15.765,14.894166666666669,2.102070407955311,1.5674267176330514,3.9,1.52,0.0200000000000004,test
2023-09-14,dgs10_short_oas_1w,4.29,5.0,5.55,4.42,4.39,1.95,2.34,5.33,306.082,309.58,120.97,119.689,3.7,156261.0,100.8393,12.82,-0.71,-1.2599999999999998,0.0999999999999996,0.3899999999999999,0.0200000000000004,-0.0099999999999997,0.0599999999999996,0.0599999999999996,0.0199999999999995,-0.0099999999999997,0.04,0.0,0.0299999999999993,-0.0200000000000004,4.22,4.0825000000000005,0.0901849950569462,0.1857723435726233,-1.58,-5.07,14.4975,14.886666666666663,1.9137463259275984,1.5779637818936474,3.78,1.51,0.2000000000000001,test
2023-09-21,dgs10_short_oas_1w,4.49,5.12,5.57,4.61,4.56,2.11,2.38,5.33,306.082,309.58,120.97,119.689,3.7,156261.0,100.8393,17.54,-0.6299999999999999,-1.08,0.0699999999999994,0.27,0.2000000000000001,0.2599999999999998,0.1200000000000001,0.1399999999999996,0.0200000000000004,-0.0099999999999997,0.1900000000000004,0.2200000000000006,0.1699999999999999,0.2599999999999998,4.285,4.135833333333333,0.1636052158910381,0.2039366360300467,4.719999999999999,0.3399999999999998,14.5825,15.22,2.074582287273284,1.6863893651548918,3.89,1.48,0.0999999999999996,test
2023-09-28,dgs10_short_oas_1w,4.59,5.04,5.56,4.62,4.71,2.2,2.39,5.33,306.082,309.58,120.97,119.689,3.7,156261.0,100.8393,17.34,-0.4500000000000002,-0.9699999999999998,0.1200000000000001,0.1899999999999999,0.0999999999999996,0.5,-0.08,0.1900000000000004,-0.0100000000000006,0.0,0.0099999999999997,0.3899999999999997,0.1500000000000003,0.5099999999999998,4.41,4.180833333333333,0.1557776192742402,0.2397141605912722,-0.1999999999999993,3.77,15.525000000000002,15.378333333333332,2.3048571900809978,1.794642700996737,4.09,1.51,0.1299999999999999,test
2023-10-05,dgs10_short_oas_1w,4.72,5.03,5.61,4.68,4.89,2.41,2.31,5.33,307.276,310.539,121.419,120.058,3.7,156417.0,101.0211,18.49,-0.3100000000000005,-0.8900000000000006,0.1699999999999999,-0.1,0.1299999999999999,0.4500000000000002,-0.0099999999999997,0.0899999999999998,0.0500000000000007,0.08,0.0599999999999996,0.2999999999999998,0.1799999999999997,0.5299999999999994,4.5225,4.260833333333333,0.1813605984406408,0.2465934576046805,1.1499999999999986,4.089999999999998,16.5475,15.785000000000002,2.535131489029335,1.9069037254618504,4.38,1.59,-0.0199999999999995,test
2023-10-12,dgs10_short_oas_1w,4.7,5.06,5.63,4.69,4.86,2.36,2.34,5.33,307.276,310.539,121.419,120.058,3.7,156417.0,101.0211,16.69,-0.3599999999999994,-0.9299999999999996,0.1600000000000001,-0.02,-0.0199999999999995,0.4100000000000001,0.0299999999999993,0.0599999999999996,0.0199999999999995,0.08,0.0100000000000006,0.2700000000000004,-0.0299999999999993,0.4700000000000006,4.625,4.331666666666667,0.1066145706118302,0.2398421197878706,-1.7999999999999972,3.870000000000001,17.515,16.01,0.744423714471882,1.833739348980242,4.25,1.56,0.2800000000000002,test
2023-10-19,dgs10_short_oas_1w,4.98,5.14,5.6,4.95,5.11,2.49,2.49,5.33,307.276,310.539,121.419,120.058,3.7,156417.0,101.0211,21.4,-0.1599999999999992,-0.6199999999999992,0.1299999999999999,0.0,0.2800000000000002,0.4900000000000002,0.08,0.0199999999999995,-0.0300000000000002,0.0299999999999993,0.2599999999999998,0.3399999999999998,0.25,0.5500000000000007,4.7475,4.4125,0.1652018966802204,0.2814289834529633,4.709999999999997,3.86,18.48,16.5925,2.0840825319553598,2.323966534729787,4.37,1.6,-0.1200000000000001,test
2023-10-26,dgs10_short_oas_1w,4.86,5.02,5.59,4.79,5.01,2.44,2.42,5.33,307.276,310.539,121.419,120.058,3.7,156417.0,101.0211,20.68,-0.1599999999999992,-0.7299999999999995,0.1499999999999994,-0.02,-0.1200000000000001,0.2700000000000004,-0.1200000000000001,-0.0200000000000004,-0.0099999999999997,0.0300000000000002,-0.1600000000000001,0.1699999999999999,-0.1000000000000005,0.2999999999999998,4.815,4.4675,0.1310216267138394,0.3000037878550325,-0.7199999999999989,3.34,19.315,16.989166666666666,2.143338517360586,2.589775203769461,4.5,1.6,-0.1900000000000004,test
2023-11-02,dgs10_short_oas_1w,4.67,4.98,5.54,4.65,4.82,2.27,2.4,5.33,307.696,311.457,121.484,120.241,3.9,156576.0,100.4689,15.66,-0.3100000000000005,-0.8700000000000001,0.1500000000000003,0.1299999999999999,-0.1900000000000004,-0.0499999999999998,-0.0399999999999991,-0.0499999999999998,-0.0499999999999998,-0.0700000000000002,-0.1399999999999996,-0.0299999999999993,-0.1899999999999995,-0.0699999999999994,4.8025,4.515833333333333,0.1447699324217831,0.2796900340584356,-5.02,-2.8299999999999983,18.6075,16.973333333333333,2.855280196408308,2.5979409095850343,4.15,1.59,-0.0499999999999998,test
2023-11-09,dgs10_short_oas_1w,4.62,5.03,5.54,4.65,4.77,2.29,2.33,5.33,307.696,311.457,121.484,120.241,3.9,156576.0,100.4689,15.29,-0.4100000000000001,-0.92,0.1499999999999994,0.04,-0.0499999999999998,-0.08,0.0499999999999998,-0.0299999999999993,0.0,-0.0899999999999998,0.0,-0.04,-0.0500000000000007,-0.0900000000000007,4.782500000000001,4.5425,0.1674066904280554,0.2724009411279006,-0.370000000000001,-1.400000000000002,18.2575,16.756666666666668,3.2299058293808085,2.6228413924016643,4.04,1.56,-0.1699999999999999,test
2023-11-16,dgs10_short_oas_1w,4.45,4.83,5.51,4.43,4.63,2.18,2.27,5.33,307.696,311.457,121.484,120.241,3.9,156576.0,100.4689,14.32,-0.3799999999999999,-1.0599999999999996,0.1799999999999997,0.0899999999999998,-0.1699999999999999,-0.5300000000000002,-0.2000000000000001,-0.3099999999999996,-0.0300000000000002,-0.0899999999999998,-0.2200000000000006,-0.5200000000000005,-0.1399999999999996,-0.4800000000000004,4.65,4.560833333333334,0.1687206764648141,0.25638955918816,-0.9699999999999988,-7.079999999999998,16.487499999999997,16.516666666666666,2.8515419805200306,2.708939186314457,4.02,1.5,-0.0300000000000002,test
2023-11-22,dgs10_short_oas_1w,4.42,4.89,5.54,4.44,4.55,2.16,2.26,5.33,307.696,311.457,121.484,120.241,3.9,156576.0,100.4689,12.85,-0.4699999999999997,-1.12,0.1299999999999999,0.0999999999999996,-0.0300000000000002,-0.4400000000000004,0.0599999999999996,-0.1299999999999999,0.0300000000000002,-0.0499999999999998,0.0100000000000006,-0.3499999999999996,-0.08,-0.4599999999999999,4.54,4.588333333333334,0.1235583532859968,0.2157790677074549,-1.4700000000000006,-7.83,14.53,16.456666666666667,1.2544587146128272,2.7869870774181003,3.9,1.43,-0.0499999999999998,test
2023-11-30,dgs10_short_oas_1w,4.37,4.73,5.45,4.31,4.54,2.14,2.23,5.33,307.696,311.457,121.484,120.241,3.9,156576.0,100.4689,12.92,-0.3600000000000003,-1.08,0.1699999999999999,0.0899999999999998,-0.0499999999999998,-0.2999999999999998,-0.1599999999999992,-0.25,-0.0899999999999998,-0.0899999999999998,-0.1300000000000007,-0.3400000000000007,-0.0099999999999997,-0.2800000000000002,4.465,4.596666666666667,0.1084742673021999,0.2039756372858111,0.0700000000000002,-2.74,13.845,16.333333333333332,1.1774690371023444,2.916035083132422,3.84,1.39,-0.2300000000000004,test
2023-12-07,dgs10_short_oas_1w,4.14,4.58,5.44,4.11,4.25,1.97,2.17,5.33,308.148,312.392,121.493,120.374,3.7,156703.0,100.8639,13.06,-0.4400000000000004,-1.3000000000000007,0.1100000000000003,0.1999999999999999,-0.2300000000000004,-0.4800000000000004,-0.1500000000000003,-0.4500000000000002,-0.0099999999999997,-0.0999999999999996,-0.1999999999999993,-0.54,-0.29,-0.5199999999999996,4.345,4.5841666666666665,0.1405939780600587,0.2276943059669904,0.1400000000000005,-2.229999999999998,13.2875,16.353333333333335,0.6938479660569595,2.8904587032424494,3.77,1.39,-0.2199999999999997,test
2023-12-14,dgs10_short_oas_1w,3.92,4.37,5.43,3.9,4.03,1.7,2.22,5.33,308.148,312.392,121.493,120.374,3.7,156703.0,100.8639,12.48,-0.4500000000000002,-1.5099999999999998,0.1100000000000003,0.5200000000000002,-0.2199999999999997,-0.5300000000000002,-0.2099999999999999,-0.4599999999999999,-0.0100000000000006,-0.08,-0.2100000000000004,-0.5299999999999998,-0.2199999999999997,-0.5999999999999996,4.2125,4.536666666666667,0.2299818833446574,0.297789838441276,-0.5800000000000001,-1.84,12.8275,15.931666666666668,0.2475715384854231,3.0653958170438607,3.47,1.31,-0.0299999999999998,test
2023-12-21,dgs10_short_oas_1w,3.89,4.33,5.42,3.87,4.03,1.7,2.19,5.33,308.148,312.392,121.493,120.374,3.7,156703.0,100.8639,13.65,-0.4399999999999999,-1.5299999999999998,0.1400000000000001,0.49,-0.0299999999999998,-0.5299999999999998,-0.04,-0.5599999999999996,-0.0099999999999997,-0.1200000000000001,-0.0299999999999998,-0.5700000000000003,0.0,-0.5199999999999996,4.08,4.4783333333333335,0.2231591360444208,0.3503201998519882,1.17,0.8000000000000007,13.0275,15.624166666666667,0.4830027605180351,3.0962013627647584,3.41,1.33,-0.0500000000000002,test
2023-12-28,dgs10_short_oas_1w,3.84,4.26,5.45,3.83,3.98,1.68,2.16,5.33,308.148,312.392,121.493,120.374,3.7,156703.0,100.8639,12.47,-0.4199999999999999,-1.6100000000000003,0.1400000000000001,0.4800000000000002,-0.0500000000000002,-0.5300000000000002,-0.0700000000000002,-0.4700000000000006,0.0300000000000002,0.0,-0.04,-0.4799999999999995,-0.0500000000000002,-0.56,3.9475,4.405,0.1325078614023676,0.3854749136986803,-1.1799999999999995,-0.4499999999999993,12.915,15.1225,0.5622869967090118,3.0772896132205045,3.32,1.29,0.1500000000000003,test
2024-01-04,dgs10_short_oas_1w,3.99,4.38,5.48,3.97,4.13,1.77,2.22,5.33,308.741,313.195,121.66,120.592,3.8,156857.0,100.6031,14.13,-0.3899999999999997,-1.4900000000000002,0.1399999999999996,0.4500000000000002,0.1500000000000003,-0.1499999999999994,0.1200000000000001,-0.2000000000000001,0.0300000000000002,0.04,0.1400000000000001,-0.1400000000000001,0.1499999999999999,-0.1200000000000001,3.91,4.345833333333333,0.0627162924081939,0.3905347926145905,1.66,1.0700000000000005,13.1825,14.909166666666666,0.8401339178972472,3.047334031078333,3.69,1.34,-0.0100000000000002,test
2024-01-11,dgs10_short_oas_1w,3.98,4.26,5.46,3.9,4.18,1.76,2.22,5.33,308.741,313.195,121.66,120.592,3.8,156857.0,100.6031,12.44,-0.2799999999999998,-1.48,0.1999999999999997,0.4600000000000002,-0.0100000000000002,0.06,-0.1200000000000001,-0.1100000000000003,-0.0200000000000004,0.0300000000000002,-0.0700000000000002,0.0,0.0499999999999998,0.1499999999999994,3.925,4.2625,0.0723417813813682,0.3471998376624414,-1.6900000000000013,-0.0400000000000009,13.1725,14.1625,0.8514448504364286,2.324267724369084,3.55,1.27,0.1599999999999997,test
2024-01-18,dgs10_short_oas_1w,4.14,4.34,5.45,4.04,4.37,1.8,2.34,5.33,308.741,313.195,121.66,120.592,3.8,156857.0,100.6031,14.13,-0.2000000000000001,-1.3100000000000005,0.2300000000000004,0.5399999999999998,0.1599999999999997,0.2499999999999995,0.08,0.0099999999999997,-0.0099999999999997,0.0300000000000002,0.1400000000000001,0.1699999999999999,0.1900000000000004,0.3399999999999998,3.9875,4.2025,0.1225765067216988,0.2924543476418924,1.6900000000000013,0.4800000000000004,13.2925,13.616666666666667,0.9671392522975762,1.102578245693767,3.58,1.24,0.0,test
2024-01-25,dgs10_short_oas_1w,4.14,4.28,5.44,4.01,4.38,1.85,2.29,5.33,308.741,313.195,121.66,120.592,3.8,156857.0,100.6031,13.45,-0.1400000000000005,-1.3000000000000007,0.2400000000000002,0.4399999999999999,0.0,0.2999999999999998,-0.0599999999999996,0.0200000000000004,-0.0099999999999997,-0.0099999999999997,-0.0300000000000002,0.1799999999999997,0.0099999999999997,0.3999999999999999,4.0625,4.158333333333333,0.0895823643363621,0.252760516671372,-0.6800000000000015,0.9799999999999986,13.5375,13.432500000000005,0.7988064012437889,0.8953427479808964,3.45,1.22,-0.2699999999999996,test
2024-02-01,dgs10_short_oas_1w,3.87,4.2,5.42,3.8,4.1,1.68,2.19,5.33,309.698,314.319,122.23,121.217,3.7,157032.0,99.2223,13.88,-0.33,-1.5499999999999998,0.2299999999999995,0.51,-0.2699999999999996,-0.1200000000000001,-0.08,-0.1799999999999997,-0.0200000000000004,-0.0600000000000005,-0.2099999999999999,-0.1700000000000003,-0.2800000000000002,-0.0300000000000002,4.0325,4.095833333333334,0.1320037878247949,0.2186511681501712,0.4300000000000015,-0.25,13.475,13.315,0.7449608490840653,0.7007982461568537,3.56,1.28,0.2800000000000002,test
2024-02-08,dgs10_short_oas_1w,4.15,4.46,5.44,4.12,4.36,1.91,2.24,5.33,309.698,314.319,122.23,121.217,3.7,157032.0,99.2223,12.79,-0.3099999999999996,-1.29,0.2099999999999999,0.3300000000000003,0.2800000000000002,0.1700000000000003,0.2599999999999998,0.2000000000000001,0.0200000000000004,-0.0199999999999995,0.3200000000000003,0.2200000000000002,0.2600000000000007,0.1800000000000006,4.074999999999999,4.070833333333334,0.1367479433121112,0.1897107047987883,-1.0900000000000016,0.3499999999999996,13.5625,13.1875,0.5865932719253211,0.6376679814321775,3.38,1.23,0.0899999999999998,test
2024-02-15,dgs10_short_oas_1w,4.24,4.56,5.43,4.22,4.42,1.94,2.3,5.33,309.698,314.319,122.23,121.217,3.7,157032.0,99.2223,14.01,-0.3199999999999994,-1.1899999999999995,0.1799999999999997,0.3599999999999999,0.0899999999999998,0.1000000000000005,0.0999999999999996,0.2199999999999997,-0.0100000000000006,-0.0200000000000004,0.0999999999999996,0.1799999999999997,0.0599999999999996,0.0499999999999998,4.1,4.055833333333333,0.1597915308563788,0.1651147443082553,1.2200000000000006,-0.120000000000001,13.5325,13.284166666666666,0.5498105734414832,0.6690081985262276,3.35,1.2,0.0899999999999998,test
2024-02-22,dgs10_short_oas_1w,4.33,4.69,5.45,4.33,4.47,2.02,2.31,5.33,309.698,314.319,122.23,121.217,3.7,157032.0,99.2223,14.54,-0.3600000000000003,-1.12,0.1399999999999996,0.29,0.0899999999999998,0.1900000000000004,0.1300000000000007,0.4100000000000001,0.0200000000000004,0.0099999999999997,0.1100000000000003,0.3200000000000003,0.0499999999999998,0.0899999999999998,4.1475,4.0525,0.1990602923741711,0.1584656544380057,0.5299999999999994,1.09,13.805,13.419166666666667,0.7344158676581389,0.7476685985994592,3.22,1.16,-0.08,test
2024-02-29,dgs10_short_oas_1w,4.25,4.64,5.45,4.26,4.38,1.92,2.33,5.33,309.698,314.319,122.23,121.217,3.7,157032.0,99.2223,13.4,-0.3899999999999997,-1.2000000000000002,0.1299999999999999,0.4100000000000001,-0.08,0.3799999999999999,-0.0500000000000007,0.4399999999999995,0.0,0.0300000000000002,-0.0700000000000002,0.4599999999999999,-0.0899999999999998,0.2800000000000002,4.2425,4.0616666666666665,0.0736545993138791,0.1669421964926741,-1.1399999999999988,-0.4800000000000004,13.685,13.447499999999998,0.7569456167176442,0.7392148783418688,3.29,1.24,-0.1600000000000001,test
2024-03-07,dgs10_short_oas_1w,4.09,4.5,5.47,4.07,4.25,1.81,2.28,5.33,310.967,315.564,122.598,121.537,3.9,157238.0,100.285,14.44,-0.4100000000000001,-1.38,0.1600000000000001,0.4699999999999997,-0.1600000000000001,-0.0600000000000005,-0.1399999999999996,0.04,0.0199999999999995,0.0299999999999993,-0.1899999999999995,-0.0499999999999998,-0.1299999999999999,-0.1100000000000003,4.2275,4.075833333333333,0.100124921972946,0.1609324157040584,1.0399999999999991,1.6500000000000004,14.0975,13.610833333333332,0.5187404617610437,0.722350435393728,3.27,1.24,0.2000000000000001,test
2024-03-14,dgs10_short_oas_1w,4.29,4.68,5.48,4.29,4.44,1.99,2.3,5.33,310.967,315.564,122.598,121.537,3.9,157238.0,100.285,14.4,-0.3899999999999997,-1.1900000000000004,0.1500000000000003,0.3099999999999998,0.2000000000000001,0.0499999999999998,0.1799999999999997,0.1200000000000001,0.0100000000000006,0.0500000000000007,0.2199999999999997,0.0700000000000002,0.1900000000000004,0.0200000000000004,4.24,4.109166666666666,0.1051982255874826,0.1603665309300078,-0.0399999999999991,0.3900000000000005,14.195,13.673333333333332,0.5332604116827562,0.7576318767082211,3.15,1.17,-0.0200000000000004,test
2024-03-21,dgs10_short_oas_1w,4.27,4.62,5.48,4.26,4.44,1.93,2.34,5.33,310.967,315.564,122.598,121.537,3.9,157238.0,100.285,12.92,-0.3500000000000005,-1.2100000000000009,0.1700000000000008,0.4099999999999999,-0.0200000000000004,-0.0600000000000005,-0.0599999999999996,-0.0700000000000002,0.0,0.0300000000000002,-0.0300000000000002,-0.0700000000000002,0.0,-0.0299999999999993,4.225,4.1450000000000005,0.091469484893899,0.1417103319519028,-1.4800000000000004,-1.6199999999999992,13.79,13.710833333333332,0.7535692845837441,0.7017310846398912,3.05,1.14,-0.0699999999999994,test
2024-03-28,dgs10_short_oas_1w,4.2,4.59,5.46,4.21,4.34,1.88,2.32,5.33,310.967,315.564,122.598,121.537,3.9,157238.0,100.285,13.01,-0.3899999999999997,-1.2599999999999998,0.1399999999999996,0.4399999999999999,-0.0699999999999994,-0.0499999999999998,-0.0300000000000002,-0.0499999999999998,-0.0200000000000004,0.0099999999999997,-0.0499999999999998,-0.0499999999999998,-0.1000000000000005,-0.04,4.2125,4.1625000000000005,0.0903234926994201,0.1335613580484131,0.0899999999999998,-0.3900000000000005,13.6925,13.6175,0.841006341633673,0.7152637784241772,3.12,1.15,0.1099999999999994,test
2024-04-04,dgs10_short_oas_1w,4.31,4.65,5.41,4.3,4.47,1.97,2.34,5.33,312.345,316.792,123.038,122.009,3.9,157466.0,100.4575,16.35,-0.3400000000000007,-1.1000000000000003,0.1600000000000001,0.3699999999999999,0.1099999999999994,0.2199999999999997,0.0600000000000005,0.1500000000000003,-0.0499999999999998,-0.0599999999999996,0.0899999999999998,0.2299999999999995,0.1299999999999999,0.2199999999999997,4.2675,4.19,0.0478713553887308,0.1263472847501517,3.3400000000000016,1.910000000000002,14.17,13.943333333333332,1.6034753921824716,0.9739174254080925,3.24,1.15,0.25,test
2024-04-11,dgs10_short_oas_1w,4.56,4.93,5.45,4.61,4.65,2.16,2.4,5.33,312.345,316.792,123.038,122.009,3.9,157466.0,100.4575,14.91,-0.3700000000000001,-0.8900000000000006,0.0900000000000007,0.2399999999999997,0.25,0.2699999999999996,0.2799999999999993,0.25,0.04,-0.0300000000000002,0.3100000000000005,0.3200000000000003,0.1800000000000006,0.2099999999999999,4.335,4.2250000000000005,0.156737572607057,0.1638458255359396,-1.4400000000000013,0.5099999999999998,14.2975,14.008333333333333,1.6475309809939032,1.0127624987065122,3.16,1.11,0.08,test
2024-04-18,dgs10_short_oas_1w,4.64,4.98,5.46,4.68,4.74,2.24,2.4,5.33,312.345,316.792,123.038,122.009,3.9,157466.0,100.4575,18.0,-0.3400000000000007,-0.8200000000000003,0.1000000000000005,0.1599999999999997,0.08,0.3700000000000001,0.0500000000000007,0.3600000000000003,0.0099999999999997,-0.0200000000000004,0.0699999999999994,0.4199999999999999,0.0899999999999998,0.2999999999999998,4.4275,4.266666666666667,0.2067808824176375,0.19987875112581,3.09,5.08,15.5675,14.387499999999998,2.121514789013127,1.5129449007566909,3.39,1.17,0.0600000000000005,test
2024-04-25,dgs10_short_oas_1w,4.7,4.96,5.47,4.7,4.82,2.28,2.42,5.33,312.345,316.792,123.038,122.009,3.9,157466.0,100.4575,15.37,-0.2599999999999998,-0.7699999999999996,0.1200000000000001,0.1400000000000001,0.0600000000000005,0.5,-0.0200000000000004,0.3700000000000001,0.0099999999999997,0.0099999999999997,0.0200000000000004,0.4900000000000002,0.08,0.4800000000000004,4.5525,4.3358333333333325,0.1715371679843191,0.1936472112485478,-2.630000000000001,2.3599999999999994,16.1575,14.511666666666663,1.3672691761322715,1.5285693449832918,3.24,1.14,-0.1200000000000001,test
2024-05-02,dgs10_short_oas_1w,4.58,4.87,5.46,4.57,4.72,2.21,2.37,5.33,313.023,317.649,123.341,122.304,3.9,157530.0,100.2434,14.68,-0.29,-0.8799999999999999,0.1399999999999996,0.1600000000000001,-0.1200000000000001,0.2700000000000004,-0.0899999999999998,0.2199999999999997,-0.0099999999999997,0.0499999999999998,-0.1299999999999999,0.2700000000000004,-0.1000000000000005,0.25,4.62,4.371666666666666,0.0632455532039907,0.1959050481199619,-0.6899999999999995,-1.6700000000000017,15.74,14.669166666666667,1.533731832275365,1.4291857715830318,3.16,1.13,-0.1299999999999999,test
2024-05-09,dgs10_short_oas_1w,4.45,4.8,5.46,4.47,4.6,2.13,2.32,5.33,313.023,317.649,123.341,122.304,3.9,157530.0,100.2434,12.69,-0.3499999999999996,-1.0099999999999998,0.1499999999999994,0.1899999999999999,-0.1299999999999999,-0.1099999999999994,-0.0700000000000002,-0.1299999999999999,0.0,0.0099999999999997,-0.1000000000000005,-0.1400000000000005,-0.1200000000000001,-0.0500000000000007,4.5925,4.389166666666667,0.1068877916325314,0.1924227511278528,-1.99,-2.2200000000000006,15.185,14.559166666666668,2.1938170692504744,1.5316566095882522,3.14,1.11,-0.0700000000000002,test
2024-05-16,dgs10_short_oas_1w,4.38,4.78,5.45,4.4,4.52,2.07,2.31,5.33,313.023,317.649,123.341,122.304,3.9,157530.0,100.2434,12.42,-0.4000000000000003,-1.0700000000000005,0.1399999999999996,0.2400000000000002,-0.0700000000000002,-0.2599999999999998,-0.0199999999999995,-0.2000000000000001,-0.0099999999999997,-0.0099999999999997,-0.0699999999999994,-0.2799999999999993,-0.08,-0.2200000000000006,4.5275,4.3933333333333335,0.1417450763404066,0.1915645314171339,-0.2699999999999996,-5.58,13.79,14.3825,1.4577837059504792,1.651633488948617,3.08,1.11,0.0899999999999998,test
2024-05-23,dgs10_short_oas_1w,4.47,4.91,5.46,4.52,4.58,2.17,2.3,5.33,313.023,317.649,123.341,122.304,3.9,157530.0,100.2434,12.77,-0.4400000000000004,-0.9900000000000002,0.1100000000000003,0.1299999999999999,0.0899999999999998,-0.2300000000000004,0.1299999999999999,-0.0499999999999998,0.0099999999999997,-0.0099999999999997,0.1199999999999992,-0.1800000000000006,0.0600000000000005,-0.2400000000000002,4.47,4.411666666666666,0.082865352631537,0.1870747703381345,0.3499999999999996,-2.6,13.14,14.33,1.0375291160579705,1.6951427936629668,3.1,1.1,0.08,test
2024-05-30,dgs10_short_oas_1w,4.55,4.92,5.46,4.57,4.69,2.19,2.36,5.33,313.023,317.649,123.341,122.304,3.9,157530.0,100.2434,14.47,-0.3700000000000001,-0.91,0.1400000000000005,0.1699999999999999,0.08,-0.0300000000000002,0.0099999999999997,0.0499999999999998,0.0,0.0,0.0500000000000007,0.0,0.1100000000000003,-0.0299999999999993,4.4625,4.45,0.0699404508617804,0.1603972341637104,1.700000000000001,-0.209999999999999,13.0875,14.332499999999998,0.9337513944664468,1.695341880243477,3.19,1.09,-0.2699999999999996,test
2024-06-06,dgs10_short_oas_1w,4.28,4.72,5.51,4.29,4.43,2.0,2.28,5.33,313.175,318.095,123.348,122.383,3.9,157608.0,100.863,12.58,-0.4399999999999995,-1.2299999999999995,0.1499999999999994,0.2799999999999998,-0.2699999999999996,-0.1699999999999999,-0.2000000000000001,-0.08,0.0499999999999998,0.0499999999999998,-0.2800000000000002,-0.1799999999999997,-0.2600000000000007,-0.1699999999999999,4.42,4.449166666666667,0.1163328557777932,0.1613273540092026,-1.8900000000000008,-0.1099999999999994,13.06,14.180833333333334,0.9508242038715848,1.7685816522299584,3.2,1.13,-0.04,test
2024-06-13,dgs10_short_oas_1w,4.24,4.68,5.51,4.24,4.4,2.03,2.21,5.33,313.175,318.095,123.348,122.383,3.9,157608.0,100.863,11.94,-0.4399999999999995,-1.2699999999999996,0.1600000000000001,0.1800000000000001,-0.04,-0.1399999999999996,-0.04,-0.1000000000000005,0.0,0.0599999999999996,-0.0499999999999998,-0.1600000000000001,-0.0299999999999993,-0.1199999999999992,4.385,4.446666666666666,0.1488847428944653,0.1645563364896148,-0.6400000000000006,-0.4800000000000004,12.94,14.099166666666669,1.0800308637571574,1.852720154177461,3.2,1.14,0.0099999999999997,test
2024-06-20,dgs10_short_oas_1w,4.25,4.7,5.5,4.26,4.39,2.0,2.25,5.33,313.175,318.095,123.348,122.383,3.9,157608.0,100.863,13.28,-0.4500000000000002,-1.25,0.1399999999999996,0.25,0.0099999999999997,-0.2199999999999997,0.0200000000000004,-0.2099999999999999,-0.0099999999999997,0.04,0.0199999999999995,-0.2599999999999998,-0.0100000000000006,-0.1900000000000004,4.33,4.450833333333333,0.1476482306026246,0.1582551641172962,1.34,0.5099999999999998,13.0675,14.121666666666668,1.0833705121831745,1.8398855366237252,3.23,1.18,0.04,test
2024-06-27,dgs10_short_oas_1w,4.29,4.7,5.49,4.29,4.43,2.03,2.26,5.33,313.175,318.095,123.348,122.383,3.9,157608.0,100.863,12.24,-0.4100000000000001,-1.2000000000000002,0.1399999999999996,0.2299999999999999,0.04,-0.2599999999999998,0.0,-0.2199999999999997,-0.0099999999999997,0.0300000000000002,0.0300000000000002,-0.2800000000000002,0.04,-0.2600000000000007,4.265000000000001,4.449166666666667,0.0238047614303156,0.1599692205245962,-1.0399999999999991,-2.2300000000000004,12.509999999999998,13.779166666666669,0.5760786983286406,1.768525108841949,3.21,1.18,0.0700000000000002,test
2024-07-03,dgs10_short_oas_1w,4.36,4.71,5.47,4.33,4.53,2.09,2.27,5.33,313.044,318.39,123.539,122.677,4.1,157695.0,100.894,12.09,-0.3499999999999996,-1.1099999999999994,0.1699999999999999,0.1800000000000001,0.0700000000000002,0.08,0.0099999999999997,-0.0099999999999997,-0.0200000000000004,-0.04,0.04,0.04,0.1000000000000005,0.1000000000000005,4.285,4.4325,0.0544671154620261,0.1577757326659506,-0.1500000000000003,-0.4900000000000002,12.3875,13.544166666666667,0.6074742792920134,1.7918069007834867,3.25,1.15,-0.1600000000000001,test
2024-07-11,dgs10_short_oas_1w,4.2,4.5,5.44,4.13,4.41,1.95,2.25,5.33,313.044,318.39,123.539,122.677,4.1,157695.0,100.894,12.92,-0.2999999999999998,-1.2400000000000002,0.2099999999999999,0.3,-0.1600000000000001,-0.04,-0.2099999999999999,-0.1799999999999997,-0.0299999999999993,-0.0699999999999994,-0.2000000000000001,-0.1100000000000003,-0.1200000000000001,0.0099999999999997,4.275,4.395833333333333,0.0675771164430236,0.1562898434051667,0.8300000000000001,0.9800000000000004,12.6325,13.120833333333335,0.5628128759496269,1.1160356652271188,3.18,1.15,0.0,test
2024-07-18,dgs10_short_oas_1w,4.2,4.46,5.43,4.11,4.41,1.89,2.31,5.33,313.044,318.39,123.539,122.677,4.1,157695.0,100.894,15.93,-0.2599999999999998,-1.2299999999999995,0.2099999999999999,0.4200000000000001,0.0,-0.0499999999999998,-0.04,-0.2400000000000002,-0.0100000000000006,-0.0700000000000002,-0.0199999999999995,-0.1499999999999994,0.0,0.0200000000000004,4.2625,4.354166666666667,0.077620873481865,0.1326963953294531,3.01,2.6500000000000004,13.295,13.1675,1.7934045834672587,1.225020407992591,3.09,1.15,0.0699999999999994,test
2024-07-25,dgs10_short_oas_1w,4.27,4.41,5.39,4.13,4.5,1.99,2.28,5.33,313.044,318.39,123.539,122.677,4.1,157695.0,100.894,18.46,-0.1400000000000005,-1.12,0.2300000000000004,0.2899999999999998,0.0699999999999994,-0.0200000000000004,-0.0499999999999998,-0.29,-0.04,-0.1000000000000005,0.0199999999999995,-0.1600000000000001,0.0899999999999998,0.0700000000000002,4.2575,4.328333333333334,0.0758836829194602,0.1135247937147497,2.530000000000001,6.220000000000001,14.85,13.4825,2.91781882005516,1.9315473072121097,3.08,1.17,-0.2799999999999993,test
2024-08-01,dgs10_short_oas_1w,3.99,4.16,5.37,3.84,4.27,1.79,2.2,5.33,313.569,318.94,123.736,122.911,4.2,157748.0,99.9757,18.59,-0.1699999999999999,-1.38,0.2799999999999993,0.4100000000000001,-0.2799999999999993,-0.3700000000000001,-0.25,-0.5499999999999998,-0.0199999999999995,-0.0999999999999996,-0.29,-0.4900000000000002,-0.2300000000000004,-0.2600000000000007,4.165,4.29,0.1212435565301952,0.1426374934775322,0.129999999999999,6.5,16.475,13.974166666666669,2.667614414916092,2.404489960406437,3.35,1.23,0.0,test
2024-08-08,dgs10_short_oas_1w,3.99,4.04,5.34,3.83,4.28,1.87,2.12,5.33,313.569,318.94,123.736,122.911,4.2,157748.0,99.9757,23.79,-0.0499999999999998,-1.3499999999999996,0.29,0.25,0.0,-0.2099999999999999,-0.1200000000000001,-0.4599999999999999,-0.0300000000000002,-0.1000000000000005,-0.0099999999999997,-0.2999999999999998,0.0100000000000006,-0.1299999999999999,4.1125,4.257499999999999,0.1443086968969376,0.1632134686958633,5.199999999999999,10.87,19.1925,14.921666666666669,3.3005289980044377,3.652637486263732,3.48,1.29,-0.0700000000000002,test
2024-08-15,dgs10_short_oas_1w,3.92,4.08,5.34,3.79,4.18,1.8,2.12,5.33,313.569,318.94,123.736,122.911,4.2,157748.0,99.9757,15.23,-0.1600000000000001,-1.42,0.2599999999999998,0.32,-0.0700000000000002,-0.2800000000000002,0.04,-0.3799999999999999,0.0,-0.0899999999999998,-0.04,-0.3200000000000003,-0.1000000000000005,-0.2300000000000004,4.0425,4.211666666666667,0.1552149047828879,0.1749198950864935,-8.559999999999999,-0.6999999999999993,19.0175,15.126666666666669,3.540973265455159,3.589384179476645,3.31,1.22,-0.06,test
2024-08-22,dgs10_short_oas_1w,3.86,3.99,5.28,3.72,4.13,1.76,2.1,5.33,313.569,318.94,123.736,122.911,4.2,157748.0,99.9757,17.55,-0.1300000000000003,-1.4200000000000004,0.27,0.3400000000000001,-0.06,-0.4099999999999997,-0.0899999999999998,-0.4199999999999999,-0.0599999999999996,-0.1099999999999994,-0.0699999999999998,-0.4099999999999997,-0.0499999999999998,-0.3700000000000001,3.94,4.154166666666667,0.0627162924081991,0.1668128147104312,2.3200000000000003,-0.91,18.79,15.383333333333333,3.6171443616940193,3.647804653195842,3.21,1.21,0.0100000000000002,test
2024-08-29,dgs10_short_oas_1w,3.87,3.87,5.22,3.66,4.15,1.71,2.16,5.33,313.569,318.94,123.736,122.911,4.2,157748.0,99.9757,15.65,0.0,-1.3499999999999996,0.2800000000000002,0.4500000000000002,0.0100000000000002,-0.1200000000000001,-0.1200000000000001,-0.29,-0.0600000000000005,-0.1500000000000003,-0.06,-0.1799999999999997,0.0200000000000004,-0.1199999999999992,3.91,4.12,0.0594418483345832,0.1801514514364171,-1.9000000000000004,-2.9399999999999995,18.055,15.639166666666666,3.954318314619452,3.539366811202378,3.15,1.19,-0.1400000000000001,test
2024-09-05,dgs10_short_oas_1w,3.73,3.75,5.15,3.54,4.02,1.7,2.03,5.33,314.062,319.75,123.889,123.128,4.2,157757.0,100.4309,19.9,-0.02,-1.4200000000000004,0.2899999999999996,0.3299999999999998,-0.1400000000000001,-0.2600000000000002,-0.1200000000000001,-0.29,-0.0699999999999994,-0.1899999999999995,-0.1200000000000001,-0.29,-0.1300000000000007,-0.2600000000000007,3.845,4.0775,0.0810349718749057,0.2073698934931878,4.249999999999998,-3.890000000000001,17.082500000000003,16.3025,2.1323441717199723,3.528958447937752,3.29,1.23,-0.0499999999999998,test
2024-09-12,dgs10_short_oas_1w,3.68,3.64,5.06,3.47,4.0,1.63,2.05,5.33,314.062,319.75,123.889,123.128,4.2,157757.0,100.4309,17.07,0.04,-1.3799999999999994,0.3199999999999998,0.4199999999999999,-0.0499999999999998,-0.2399999999999997,-0.1099999999999998,-0.4399999999999999,-0.0900000000000007,-0.2800000000000002,-0.0699999999999998,-0.3199999999999998,-0.0199999999999995,-0.1799999999999997,3.785,4.03,0.094692484742816,0.2284731931761458,-2.8299999999999983,1.84,17.5425,16.618333333333332,1.7666045586571273,3.401143747017657,3.39,1.24,0.0499999999999998,test
2024-09-19,dgs10_short_oas_1w,3.73,3.59,4.8,3.49,4.06,1.56,2.17,5.33,314.062,319.75,123.889,123.128,4.2,157757.0,100.4309,16.33,0.1400000000000001,-1.0699999999999998,0.3299999999999996,0.6099999999999999,0.0499999999999998,-0.1299999999999999,-0.0500000000000002,-0.4000000000000003,-0.2599999999999998,-0.4800000000000004,0.02,-0.2299999999999999,0.0599999999999996,-0.0700000000000002,3.7525,3.983333333333333,0.0818026079460147,0.227729238484459,-0.740000000000002,-1.2200000000000024,17.2375,16.95916666666667,1.8673220575648264,3.115429222823523,3.1,1.16,0.06,test
2024-09-26,dgs10_short_oas_1w,3.79,3.6,4.68,3.55,4.12,1.63,2.16,5.33,314.062,319.75,123.889,123.128,4.2,157757.0,100.4309,15.37,0.1899999999999999,-0.8899999999999997,0.33,0.5300000000000002,0.06,-0.08,0.0100000000000002,-0.27,-0.1200000000000001,-0.54,0.0599999999999996,-0.1100000000000003,0.0600000000000005,-0.0300000000000002,3.7325,3.9358333333333335,0.0450000000011478,0.1997479472343812,-0.9599999999999992,-0.2800000000000011,17.1675,17.2325,1.9500833315531592,2.774642073558712,3.14,1.15,0.06,test
2024-10-03,dgs10_short_oas_1w,3.85,3.7,4.68,3.62,4.18,1.64,2.21,5.13,314.732,320.732,124.164,123.466,4.1,157912.0,99.8084,20.49,0.1499999999999999,-0.8299999999999996,0.3299999999999996,0.5700000000000001,0.06,0.1200000000000001,0.1,-0.0499999999999998,0.0,-0.4700000000000006,0.0700000000000002,0.08,0.0599999999999996,0.1600000000000001,3.7625,3.9066666666666654,0.0736545993139766,0.1824745727411825,5.119999999999999,0.5899999999999999,17.314999999999998,17.863333333333333,2.228145716360311,2.557044932705989,3.04,1.13,0.2399999999999997,test
2024-10-10,dgs10_short_oas_1w,4.09,3.98,4.75,3.91,4.38,1.76,2.33,5.13,314.732,320.732,124.164,123.466,4.1,157912.0,99.8084,20.93,0.1099999999999998,-0.6600000000000001,0.29,0.5700000000000001,0.2399999999999997,0.4099999999999997,0.2799999999999998,0.3399999999999998,0.0700000000000002,-0.3099999999999996,0.29,0.4399999999999999,0.2000000000000001,0.3799999999999999,3.865,3.8975,0.1577973383809102,0.1686375888221365,0.4400000000000013,3.86,18.28,18.28,2.838849532234521,2.6199687714999538,2.99,1.07,0.0,test
2024-10-17,dgs10_short_oas_1w,4.09,3.96,4.74,3.9,4.39,1.79,2.3,5.13,314.732,320.732,124.164,123.466,4.1,157912.0,99.8084,19.11,0.1299999999999999,-0.6500000000000004,0.2999999999999998,0.5099999999999998,0.0,0.3599999999999999,-0.02,0.3700000000000001,-0.0099999999999997,-0.0599999999999996,-0.0100000000000002,0.4099999999999997,0.0099999999999997,0.33,3.955,3.8825,0.1577973383809019,0.1376507438150455,-1.8200000000000005,2.780000000000001,18.975,18.334166666666665,2.525305262075889,2.6307256459465784,2.89,1.04,0.1200000000000001,test
2024-10-24,dgs10_short_oas_1w,4.21,4.07,4.7,4.03,4.47,1.91,2.3,5.13,314.732,320.732,124.164,123.466,4.1,157912.0,99.8084,19.08,0.1399999999999996,-0.4900000000000002,0.2599999999999998,0.3899999999999999,0.1200000000000001,0.4199999999999999,0.1100000000000003,0.4700000000000002,-0.04,0.0200000000000004,0.1300000000000003,0.4800000000000004,0.08,0.3499999999999996,4.0600000000000005,3.900833333333333,0.150996688705726,0.1651697932618678,-0.0300000000000011,3.709999999999999,19.9025,18.375,0.9496446703907352,2.6388478891017573,2.93,1.08,0.0700000000000002,test
2024-10-31,dgs10_short_oas_1w,4.28,4.16,4.64,4.15,4.47,1.95,2.33,4.83,315.631,321.731,124.494,123.832,4.1,157945.0,99.4695,23.16,0.1200000000000001,-0.3599999999999994,0.1899999999999995,0.3800000000000001,0.0700000000000002,0.4300000000000001,0.0899999999999998,0.4599999999999999,-0.0600000000000005,-0.04,0.1200000000000001,0.5300000000000002,0.0,0.29,4.1675,3.925,0.0939414711407645,0.1974611584363265,4.080000000000002,2.6700000000000017,20.57,18.3225,1.9312690128517955,2.525139510097049,2.88,1.08,0.0299999999999993,test
2024-11-07,dgs10_short_oas_1w,4.31,4.21,4.63,4.17,4.52,1.98,2.33,4.83,315.631,321.731,124.494,123.832,4.1,157945.0,99.4695,15.2,0.0999999999999996,-0.3200000000000003,0.2099999999999999,0.3500000000000001,0.0299999999999993,0.2199999999999997,0.0499999999999998,0.2299999999999999,-0.0099999999999997,-0.1200000000000001,0.0199999999999995,0.2599999999999998,0.0499999999999998,0.1399999999999996,4.2225,3.9575,0.0977667291742079,0.2265201175093942,-7.960000000000001,-5.73,19.1375,18.32,3.2500499996156225,2.528492184538316,2.73,0.99,0.1200000000000001,test
2024-11-14,dgs10_short_oas_1w,4.43,4.34,4.61,4.32,4.58,2.1,2.33,4.83,315.631,321.731,124.494,123.832,4.1,157945.0,99.4695,14.31,0.0899999999999998,-0.1800000000000006,0.1500000000000003,0.2299999999999999,0.1200000000000001,0.3399999999999998,0.1299999999999999,0.3799999999999999,-0.0199999999999995,-0.1299999999999999,0.1500000000000003,0.4200000000000004,0.0600000000000005,0.1900000000000004,4.3075,4.005,0.0917877987539046,0.2613078991954188,-0.8899999999999988,-4.799999999999999,17.9375,18.05,4.051027647400283,2.77878979544537,2.6,1.0,0.0,test
2024-11-21,dgs10_short_oas_1w,4.43,4.34,4.63,4.3,4.61,2.09,2.34,4.83,315.631,321.731,124.494,123.832,4.1,157945.0,99.4695,16.87,0.0899999999999998,-0.2000000000000001,0.1800000000000006,0.25,0.0,0.2199999999999997,0.0,0.2699999999999996,0.0199999999999995,-0.0700000000000002,-0.0200000000000004,0.2699999999999996,0.0300000000000002,0.1400000000000005,4.3625,4.051666666666667,0.0788986691908414,0.2840241133597654,2.5600000000000005,-2.2099999999999973,17.384999999999998,18.151666666666667,3.993565658239279,2.704319216409377,2.61,1.01,-0.1799999999999997,test
2024-11-27,dgs10_short_oas_1w,4.25,4.19,4.6,4.11,4.44,1.99,2.26,4.83,315.631,321.731,124.494,123.832,4.1,157945.0,99.4695,14.1,0.0599999999999996,-0.3499999999999996,0.1900000000000004,0.2699999999999998,-0.1799999999999997,-0.0300000000000002,-0.1499999999999994,0.0300000000000002,-0.0300000000000002,-0.04,-0.1899999999999995,-0.04,-0.1699999999999999,-0.0299999999999993,4.355,4.095,0.0900000000004779,0.2697979041634904,-2.7700000000000014,-9.06,15.12,17.668333333333333,1.2603438684216592,2.87627863529898,2.69,1.02,-0.08,test
2024-12-05,dgs10_short_oas_1w,4.17,4.15,4.46,4.07,4.33,1.92,2.25,4.64,316.528,322.657,124.637,123.962,4.2,158079.0,99.2925,13.54,0.0199999999999995,-0.29,0.1600000000000001,0.33,-0.08,-0.1399999999999996,-0.04,-0.0599999999999996,-0.1399999999999996,-0.1699999999999999,-0.04,-0.0999999999999996,-0.1100000000000003,-0.1899999999999995,4.32,4.135833333333333,0.1311487704863712,0.2362763533483982,-0.5600000000000005,-1.66,14.705,17.374166666666667,1.4794706260466035,3.113745065565241,2.66,1.01,0.1500000000000003,test
2024-12-12,dgs10_short_oas_1w,4.32,4.18,4.35,4.18,4.55,2.0,2.32,4.64,316.528,322.657,124.637,123.962,4.2,158079.0,99.2925,13.92,0.1400000000000005,-0.0299999999999993,0.2299999999999995,0.3199999999999998,0.1500000000000003,-0.1099999999999994,0.0299999999999993,-0.1600000000000001,-0.1100000000000003,-0.2600000000000007,0.1099999999999994,-0.1400000000000005,0.2199999999999997,-0.0300000000000002,4.2925,4.1850000000000005,0.1102648327138844,0.2032240143292638,0.3800000000000008,-0.3900000000000005,14.607499999999998,17.173333333333332,1.5262890726643914,3.2614339660876257,2.66,0.99,0.25,test
2024-12-19,dgs10_short_oas_1w,4.57,4.32,4.35,4.43,4.74,2.28,2.29,4.64,316.528,322.657,124.637,123.962,4.2,158079.0,99.2925,24.09,0.25,0.2200000000000006,0.1699999999999999,0.0100000000000002,0.25,0.1400000000000005,0.1400000000000005,-0.0199999999999995,0.0,-0.2800000000000002,0.25,0.1299999999999999,0.1900000000000004,0.1299999999999999,4.327500000000001,4.25,0.1728920665234626,0.189688740261296,10.17,7.219999999999999,16.4125,17.9,5.123653481647782,3.756911207119541,2.91,1.02,0.0099999999999997,test
2024-12-26,dgs10_short_oas_1w,4.58,4.3,4.35,4.42,4.76,2.23,2.35,4.64,316.528,322.657,124.637,123.962,4.2,158079.0,99.2925,14.73,0.2800000000000002,0.2300000000000004,0.1799999999999997,0.1200000000000001,0.0099999999999997,0.33,-0.0200000000000004,0.1099999999999994,0.0,-0.25,-0.0099999999999997,0.3099999999999996,0.0199999999999995,0.3199999999999994,4.41,4.310833333333334,0.200166597280244,0.1652248238744413,-9.36,0.6300000000000008,16.57,17.419999999999998,5.037836837373898,3.7638737298884,2.86,1.0,-0.0099999999999997,test
2025-01-02,dgs10_short_oas_1w,4.57,4.25,4.36,4.38,4.79,2.23,2.34,4.48,317.604,323.259,124.979,124.196,4.1,158316.0,100.3273,17.93,0.3200000000000003,0.2099999999999999,0.2199999999999997,0.1099999999999998,-0.0099999999999997,0.4000000000000003,-0.0499999999999998,0.0999999999999996,0.0100000000000006,-0.0999999999999996,-0.04,0.3099999999999996,0.0300000000000002,0.4599999999999999,4.51,4.350833333333333,0.1267543556125352,0.1650045913046419,3.1999999999999997,4.390000000000001,17.6675,17.169999999999998,4.618444002042404,3.605856347665357,2.88,1.02,0.1099999999999994,test
2025-01-09,dgs10_short_oas_1w,4.68,4.27,4.35,4.46,4.92,2.29,2.39,4.48,317.604,323.259,124.979,124.196,4.1,158316.0,100.3273,18.07,0.4100000000000001,0.33,0.2400000000000002,0.1,0.1099999999999994,0.3599999999999994,0.0199999999999995,0.0899999999999998,-0.0100000000000006,0.0,0.08,0.2800000000000002,0.1299999999999999,0.3700000000000001,4.6,4.4,0.0535412613481135,0.1680908845078786,0.1400000000000005,4.15,18.705,17.083333333333332,3.907373371802104,3.5672814536696587,2.82,1.03,-0.0699999999999994,test
2025-01-16,dgs10_short_oas_1w,4.61,4.23,4.34,4.39,4.84,2.19,2.42,4.48,317.604,323.259,124.979,124.196,4.1,158316.0,100.3273,16.6,0.3799999999999999,0.2700000000000004,0.2299999999999995,0.2299999999999999,-0.0699999999999994,0.04,-0.0399999999999991,-0.0899999999999998,-0.0099999999999997,-0.0099999999999997,-0.0700000000000002,-0.04,-0.08,0.0999999999999996,4.609999999999999,4.433333333333334,0.0496655480866443,0.1666424224793666,-1.4699999999999989,-7.489999999999998,16.8325,16.87666666666667,1.5503198594703285,3.512508384547101,2.73,1.03,0.04,test
2025-01-23,dgs10_short_oas_1w,4.65,4.29,4.36,4.45,4.87,2.23,2.42,4.48,317.604,323.259,124.979,124.196,4.1,158316.0,100.3273,15.02,0.3600000000000003,0.29,0.2199999999999997,0.1899999999999999,0.04,0.0700000000000002,0.0599999999999996,-0.0099999999999997,0.0200000000000004,0.0100000000000006,0.0600000000000005,0.0300000000000002,0.0300000000000002,0.1100000000000003,4.6275,4.464166666666666,0.0478713553886497,0.1698907848824439,-1.5800000000000018,0.2899999999999991,16.905,16.198333333333334,1.420575000953758,2.925750357004788,2.61,1.0,-0.1300000000000007,test
2025-01-30,dgs10_short_oas_1w,4.52,4.18,4.3,4.31,4.76,2.14,2.38,4.48,317.604,323.259,124.979,124.196,4.1,158316.0,100.3273,15.84,0.3399999999999998,0.2199999999999997,0.2400000000000002,0.2399999999999997,-0.1300000000000007,-0.0500000000000007,-0.1100000000000003,-0.0700000000000002,-0.0600000000000005,-0.0600000000000005,-0.1400000000000005,-0.0700000000000002,-0.1100000000000003,-0.0300000000000002,4.615,4.4816666666666665,0.0695221787159564,0.1632529177430186,0.8200000000000003,-2.09,16.3825,16.25166666666667,1.2968776606403918,2.911696891483948,2.67,1.01,-0.0699999999999994,test
2025-02-06,dgs10_short_oas_1w,4.45,4.21,4.34,4.28,4.65,2.03,2.42,4.33,318.961,324.638,125.417,124.587,4.0,158268.0,100.0647,15.5,0.2400000000000002,0.1100000000000003,0.2000000000000001,0.3900000000000001,-0.0699999999999994,-0.2299999999999995,0.0300000000000002,-0.0599999999999996,0.04,-0.0099999999999997,-0.0299999999999993,-0.1799999999999997,-0.1099999999999994,-0.2699999999999996,4.5575,4.483333333333333,0.0899536917905428,0.1627788981934185,-0.3399999999999998,-2.5700000000000003,15.739999999999998,16.350833333333334,0.6647305218418086,2.8593497618522576,2.66,1.04,0.0699999999999994,test
2025-02-13,dgs10_short_oas_1w,4.52,4.31,4.34,4.39,4.72,2.08,2.44,4.33,318.961,324.638,125.417,124.587,4.0,158268.0,100.0647,15.1,0.2099999999999999,0.1799999999999997,0.2000000000000001,0.3599999999999999,0.0699999999999994,-0.0900000000000007,0.0999999999999996,0.0799999999999991,0.0,0.0,0.1099999999999994,0.0,0.0699999999999994,-0.1200000000000001,4.535,4.490833333333334,0.083466560170816,0.1621704116796152,-0.4000000000000003,-1.5000000000000018,15.365,16.203333333333333,0.3799561378212956,2.8757396940400017,2.65,1.0,-0.0199999999999995,test
2025-02-20,dgs10_short_oas_1w,4.5,4.28,4.33,4.34,4.74,2.05,2.45,4.33,318.961,324.638,125.417,124.587,4.0,158268.0,100.0647,15.66,0.2199999999999997,0.1699999999999999,0.2400000000000002,0.4000000000000003,-0.0199999999999995,-0.1500000000000003,-0.0299999999999993,-0.0099999999999997,-0.0099999999999997,-0.0300000000000002,-0.0499999999999998,-0.1100000000000003,0.0200000000000004,-0.1299999999999999,4.4975,4.511666666666667,0.0330403793372479,0.1433896999812018,0.5600000000000005,0.6400000000000006,15.525,16.333333333333332,0.3155418619899396,2.806438484929871,2.66,0.99,-0.2099999999999999,test
2025-02-27,dgs10_short_oas_1w,4.29,4.07,4.32,4.09,4.56,1.92,2.37,4.33,318.961,324.638,125.417,124.587,4.0,158268.0,100.0647,21.13,0.2199999999999997,-0.0300000000000002,0.2699999999999996,0.4500000000000002,-0.2099999999999999,-0.2299999999999995,-0.2099999999999999,-0.1099999999999994,-0.0099999999999997,0.0200000000000004,-0.25,-0.2199999999999997,-0.1800000000000006,-0.2000000000000001,4.44,4.5216666666666665,0.1042433051411483,0.119607945413979,5.469999999999999,5.289999999999999,16.8475,16.965833333333332,2.8646974825743987,2.9701804607961964,2.81,1.05,0.0,test
2025-03-06,dgs10_short_oas_1w,4.29,3.96,4.34,4.06,4.58,1.95,2.34,4.33,319.679,325.465,125.921,125.145,4.2,158310.0,101.0993,24.87,0.33,-0.0499999999999998,0.29,0.3899999999999999,0.0,-0.1600000000000001,-0.1100000000000003,-0.25,0.0199999999999995,0.0,-0.0300000000000002,-0.2200000000000006,0.0200000000000004,-0.0700000000000002,4.4,4.519166666666666,0.1272792206139116,0.124422910294501,3.740000000000002,9.37,19.19,17.878333333333334,4.662438560810729,3.570695968150788,2.99,1.09,-0.0200000000000004,test
2025-03-13,dgs10_short_oas_1w,4.27,3.94,4.34,4.02,4.59,1.98,2.29,4.33,319.679,325.465,125.921,125.145,4.2,158310.0,101.0993,24.66,0.3299999999999996,-0.0700000000000002,0.3200000000000003,0.31,-0.0200000000000004,-0.25,-0.02,-0.3699999999999996,0.0,0.0,-0.04,-0.3700000000000001,0.0099999999999997,-0.1299999999999999,4.3375,4.494166666666667,0.1087428158550542,0.1421560175772616,-0.2100000000000008,9.56,21.58,17.925833333333333,4.303463721236831,3.663427253600492,3.4,1.2,-0.0299999999999993,test
2025-03-20,dgs10_short_oas_1w,4.24,3.95,4.33,4.01,4.55,1.93,2.31,4.33,319.679,325.465,125.921,125.145,4.2,158310.0,101.0993,19.8,0.29,-0.0899999999999998,0.3099999999999996,0.3800000000000001,-0.0299999999999993,-0.2599999999999998,0.0100000000000002,-0.33,-0.0099999999999997,0.0,-0.0099999999999997,-0.33,-0.04,-0.1900000000000004,4.2725,4.465833333333333,0.0236290781331189,0.1566384565191449,-4.859999999999999,4.140000000000001,22.615,18.348333333333333,2.54273474825857,3.5520130869262845,3.17,1.13,0.1399999999999996,test
2025-03-27,dgs10_short_oas_1w,4.38,3.97,4.33,4.09,4.73,1.99,2.39,4.33,319.679,325.465,125.921,125.145,4.2,158310.0,101.0993,18.69,0.4099999999999997,0.0499999999999998,0.3500000000000005,0.4000000000000001,0.1399999999999996,0.0899999999999998,0.02,-0.1,0.0,0.0099999999999997,0.08,0.0,0.1800000000000006,0.1700000000000008,4.295,4.45,0.0602771377341402,0.1547431890118232,-1.1099999999999994,-2.4399999999999977,22.005000000000003,18.411666666666665,3.22017080292359,3.5506512420150287,3.27,1.14,-0.3200000000000003,test
2025-04-03,dgs10_short_oas_1w,4.06,3.71,4.31,3.75,4.49,1.78,2.28,4.33,319.785,325.69,125.941,125.267,4.2,158377.0,101.0404,30.02,0.3499999999999996,-0.25,0.4300000000000006,0.4999999999999998,-0.3200000000000003,-0.2300000000000004,-0.2600000000000002,-0.25,-0.0200000000000004,-0.0300000000000002,-0.3399999999999998,-0.3099999999999996,-0.2400000000000002,-0.0899999999999998,4.2375,4.398333333333333,0.1327591804738511,0.1733537284041235,11.329999999999998,5.149999999999999,23.2925,19.4075,5.180407802480571,4.874934265290946,4.01,1.3,0.3400000000000007,test
2025-04-10,dgs10_short_oas_1w,4.4,3.84,4.34,4.04,4.86,2.21,2.19,4.33,319.785,325.69,125.941,125.267,4.2,158377.0,101.0404,40.72,0.5600000000000005,0.0600000000000005,0.4599999999999999,-0.02,0.3400000000000007,0.1300000000000007,0.1299999999999999,-0.1,0.0300000000000002,0.0,0.29,0.0200000000000004,0.3700000000000001,0.2700000000000004,4.2700000000000005,4.380833333333333,0.157056253192143,0.1601396171151686,10.7,16.06,27.3075,21.4175,10.293633550242028,7.741706559573557,4.42,1.46,-0.0600000000000005,test
2025-04-17,dgs10_short_oas_1w,4.34,3.81,4.34,3.95,4.8,2.11,2.23,4.33,319.785,325.69,125.941,125.267,4.2,158377.0,101.0404,29.65,0.5299999999999998,0.0,0.4599999999999999,0.1200000000000001,-0.0600000000000005,0.0999999999999996,-0.0299999999999998,-0.1400000000000001,0.0,0.0099999999999997,-0.0899999999999998,-0.0599999999999996,-0.0600000000000005,0.25,4.295,4.355,0.1586400537908192,0.135947850964679,-11.07,9.849999999999998,29.77,22.636666666666667,8.995291360854763,7.7944261358920865,4.02,1.39,-0.0199999999999995,test
2025-04-24,dgs10_short_oas_1w,4.32,3.77,4.32,3.91,4.77,2.02,2.3,4.33,319.785,325.69,125.941,125.267,4.2,158377.0,101.0404,26.47,0.5500000000000003,0.0,0.4499999999999993,0.2799999999999998,-0.0199999999999995,-0.0599999999999996,-0.04,-0.2000000000000001,-0.0199999999999995,-0.0099999999999997,-0.04,-0.1799999999999997,-0.0300000000000002,0.0399999999999991,4.28,4.338333333333333,0.1505545305421073,0.1257583059493419,-3.18,7.779999999999998,31.715,23.5225,6.211207612051117,7.552045027071011,3.73,1.33,-0.0700000000000002,test
2025-05-01,dgs10_short_oas_1w,4.25,3.7,4.31,3.81,4.74,2.0,2.25,4.33,320.302,326.467,126.15,125.502,4.2,158485.0,101.1279,24.6,0.5499999999999998,-0.0599999999999996,0.4900000000000002,0.25,-0.0700000000000002,0.1900000000000004,-0.0699999999999998,-0.0099999999999997,-0.0100000000000006,0.0,-0.1,0.06,-0.0299999999999993,0.25,4.327500000000001,4.321666666666666,0.0618465843849646,0.1228327268604582,-1.8699999999999972,-5.419999999999998,30.36,24.280833333333334,7.214416123291039,7.11762787135928,3.78,1.38,0.1200000000000001,test
2025-05-08,dgs10_short_oas_1w,4.37,3.9,4.34,4.0,4.83,2.08,2.29,4.33,320.302,326.467,126.15,125.502,4.2,158485.0,101.1279,22.48,0.4700000000000002,0.0300000000000002,0.4599999999999999,0.2099999999999999,0.1200000000000001,-0.0300000000000002,0.1999999999999997,0.06,0.0300000000000002,0.0,0.1899999999999999,-0.04,0.0899999999999998,-0.0300000000000002,4.32,4.309166666666667,0.050990195136778,0.1074885476638573,-2.120000000000001,-18.24,25.8,24.89583333333333,3.0404933810159176,6.548306454667602,3.51,1.29,0.08,test
2025-05-15,dgs10_short_oas_1w,4.45,3.96,4.38,4.07,4.91,2.11,2.34,4.33,320.302,326.467,126.15,125.502,4.2,158485.0,101.1279,17.83,0.4900000000000002,0.0700000000000002,0.4599999999999999,0.2299999999999999,0.08,0.1100000000000003,0.06,0.1499999999999999,0.04,0.04,0.0700000000000002,0.1200000000000001,0.08,0.1100000000000003,4.3475,4.305,0.0842120339782435,0.1001362707882128,-4.650000000000002,-11.82,22.845,25.076666666666668,3.7195026549259977,6.29513857647063,3.2,1.19,0.0899999999999998,test
2025-05-22,dgs10_short_oas_1w,4.54,4.0,4.37,4.11,5.05,2.2,2.34,4.33,320.302,326.467,126.15,125.502,4.2,158485.0,101.1279,20.28,0.54,0.1699999999999999,0.5099999999999998,0.1399999999999996,0.0899999999999998,0.2199999999999997,0.04,0.2299999999999999,-0.0099999999999997,0.0499999999999998,0.04,0.2000000000000001,0.1399999999999996,0.2800000000000002,4.4025,4.325833333333333,0.1231191834500963,0.1206390810595181,2.450000000000003,-6.189999999999998,21.2975,25.00583333333333,2.9076723222080663,6.348142832690628,3.32,1.16,-0.1100000000000003,test
2025-05-29,dgs10_short_oas_1w,4.43,3.92,4.36,4.0,4.92,2.11,2.32,4.33,320.302,326.467,126.15,125.502,4.2,158485.0,101.1279,19.18,0.5099999999999998,0.0699999999999994,0.4900000000000002,0.2099999999999999,-0.1100000000000003,0.1799999999999997,-0.08,0.2199999999999997,-0.0099999999999997,0.0500000000000007,-0.1100000000000003,0.1899999999999999,-0.1299999999999999,0.1799999999999997,4.4475,4.3375,0.0704154339148573,0.1235920709434745,-1.1000000000000014,-5.420000000000002,19.9425,24.531666666666663,1.9661192741035527,6.567910742020665,3.22,1.14,-0.0299999999999993,test
2025-06-05,dgs10_short_oas_1w,4.4,3.92,4.44,3.99,4.88,2.11,2.29,4.33,320.62,326.893,126.38,125.79,4.3,158498.0,100.9655,18.48,0.4800000000000004,-0.04,0.4799999999999995,0.1800000000000001,-0.0299999999999993,0.0300000000000002,0.0,0.02,0.08,0.1000000000000005,-0.0099999999999997,-0.0099999999999997,-0.04,0.0499999999999998,4.455,4.348333333333334,0.0602771377341152,0.122832726860456,-0.6999999999999993,-4.0,18.9425,24.016666666666666,1.0483121354514573,6.795288920653074,3.18,1.12,-0.04,test
2025-06-12,dgs10_short_oas_1w,4.36,3.9,4.46,3.97,4.84,2.11,2.25,4.33,320.62,326.893,126.38,125.79,4.3,158498.0,100.9655,18.02,0.4600000000000004,-0.0999999999999996,0.4799999999999995,0.1400000000000001,-0.04,-0.0899999999999998,-0.02,-0.06,0.0199999999999995,0.08,-0.02,-0.1,-0.04,-0.0700000000000002,4.4325,4.358333333333333,0.0771902411799438,0.1180010272173035,-0.4600000000000008,0.1900000000000012,18.99,23.86833333333333,0.9833954782630066,6.914090794540552,3.17,1.1,0.0199999999999995,test
2025-06-18,dgs10_short_oas_1w,4.38,3.94,4.42,3.98,4.88,2.07,2.31,4.33,320.62,326.893,126.38,125.79,4.3,158498.0,100.9655,20.14,0.4399999999999999,-0.04,0.5,0.2400000000000002,0.0199999999999995,-0.1600000000000001,0.04,-0.06,-0.04,0.0499999999999998,0.0099999999999997,-0.1300000000000003,0.04,-0.1699999999999999,4.3925,4.358333333333333,0.029860788113377,0.1180010272173035,2.120000000000001,-0.1400000000000005,18.955,23.989166666666662,0.9228036988808216,6.827493162119373,3.16,1.1,-0.1200000000000001,test
2025-06-26,dgs10_short_oas_1w,4.26,3.7,4.39,3.79,4.81,1.98,2.28,4.33,320.62,326.893,126.38,125.79,4.3,158498.0,100.9655,16.59,0.5599999999999996,-0.1299999999999999,0.5499999999999998,0.2999999999999998,-0.1200000000000001,-0.1699999999999999,-0.2399999999999997,-0.2199999999999997,-0.0300000000000002,0.0299999999999993,-0.1899999999999999,-0.2099999999999999,-0.0700000000000002,-0.1100000000000003,4.35,4.375,0.0621825270212848,0.0800567980198242,-3.5500000000000007,-2.59,18.3075,22.87,1.46290521451942,6.849735230450266,3.04,1.11,0.0899999999999998,test
2025-07-03,dgs10_short_oas_1w,4.35,3.88,4.42,3.94,4.86,2.02,2.33,4.33,321.435,327.658,126.743,126.121,4.1,158478.0,101.4785,16.38,0.4699999999999997,-0.0700000000000002,0.5100000000000007,0.31,0.0899999999999998,-0.0500000000000007,0.1799999999999997,-0.04,0.0300000000000002,-0.0200000000000004,0.1499999999999999,-0.0500000000000002,0.0500000000000007,-0.0199999999999995,4.3375,4.370833333333334,0.0531507290644856,0.0799384232722138,-0.2100000000000008,-2.1000000000000014,17.7825,20.841666666666665,1.732365915927722,4.158622659516147,2.8,1.01,0.0,test
2025-07-10,dgs10_short_oas_1w,4.35,3.86,4.42,3.93,4.86,2.01,2.34,4.33,321.435,327.658,126.743,126.121,4.1,158478.0,101.4785,15.78,0.4899999999999997,-0.0700000000000002,0.5100000000000007,0.33,0.0,-0.0100000000000006,-0.02,-0.04,0.0,-0.04,-0.0099999999999997,-0.04,0.0,0.0200000000000004,4.335,4.371666666666667,0.0519615242278976,0.0796393385364314,-0.5999999999999996,-2.24,17.2225,19.68583333333333,1.975050632262731,3.333547000727493,2.92,1.03,0.1200000000000001,test
2025-07-17,dgs10_short_oas_1w,4.47,3.91,4.41,4.01,5.01,2.04,2.43,4.33,321.435,327.658,126.743,126.121,4.1,158478.0,101.4785,16.52,0.5599999999999996,0.0599999999999996,0.54,0.3900000000000001,0.1200000000000001,0.0899999999999998,0.0500000000000002,-0.0299999999999998,-0.0099999999999997,-0.0099999999999997,0.0799999999999996,0.0299999999999998,0.1499999999999994,0.1299999999999999,4.3575,4.384166666666666,0.0861684396985695,0.0825126252971576,0.7400000000000002,-3.620000000000001,16.317500000000003,18.856666666666666,0.368815672120081,2.662624588064999,2.91,1.01,-0.04,test
2025-07-24,dgs10_short_oas_1w,4.43,3.91,4.42,3.98,4.96,1.98,2.45,4.33,321.435,327.658,126.743,126.121,4.1,158478.0,101.4785,15.39,0.5199999999999996,0.0099999999999997,0.5300000000000002,0.4700000000000002,-0.04,0.1699999999999999,0.0,0.2099999999999999,0.0099999999999997,0.0300000000000002,-0.0299999999999998,0.1899999999999999,-0.0499999999999998,0.1500000000000003,4.4,4.399166666666667,0.0600000000007105,0.0715361743631829,-1.129999999999999,-1.1999999999999993,16.0175,18.089166666666667,0.527280760128206,2.1309087192311944,2.82,0.99,-0.0599999999999996,test
2025-07-31,dgs10_short_oas_1w,4.37,3.94,4.41,3.96,4.89,1.98,2.39,4.33,322.169,328.682,126.96,126.43,4.3,158542.0,101.894,16.72,0.4300000000000001,-0.04,0.5199999999999996,0.4100000000000001,-0.0599999999999996,0.0200000000000004,0.0299999999999998,0.06,-0.0099999999999997,-0.0099999999999997,-0.02,0.02,-0.0700000000000002,0.0299999999999993,4.404999999999999,4.399166666666667,0.0550757054736341,0.0715361743631829,1.3299999999999983,0.3399999999999998,16.1025,17.609166666666667,0.6237721271971415,1.645348586073936,2.86,0.99,-0.1399999999999996,test
2025-08-07,dgs10_short_oas_1w,4.23,3.72,4.32,3.79,4.81,1.88,2.35,4.33,322.169,328.682,126.96,126.43,4.3,158542.0,101.894,16.57,0.5100000000000002,-0.0899999999999998,0.5799999999999992,0.4700000000000002,-0.1399999999999996,-0.1199999999999992,-0.2199999999999997,-0.1399999999999996,-0.0899999999999998,-0.0999999999999996,-0.1699999999999999,-0.1400000000000001,-0.08,-0.0500000000000007,4.375,4.380833333333333,0.1050396750443323,0.0843648282314384,-0.1499999999999985,0.7900000000000009,16.3,17.504166666666666,0.6125901294242754,1.6699943295127035,2.95,1.01,0.0599999999999996,test
2025-08-14,dgs10_short_oas_1w,4.29,3.74,4.3,3.82,4.88,1.9,2.39,4.33,322.169,328.682,126.96,126.43,4.3,158542.0,101.894,14.83,0.5499999999999998,-0.0099999999999997,0.5899999999999999,0.4900000000000002,0.0599999999999996,-0.1799999999999997,0.02,-0.1699999999999999,-0.0200000000000004,-0.1100000000000003,0.0299999999999998,-0.1899999999999999,0.0700000000000002,-0.1299999999999999,4.33,4.36,0.0879393730556438,0.0713506068019427,-1.7400000000000002,-1.6899999999999995,15.8775,17.05,0.9172922108038296,1.5853992901125586,2.89,0.97,0.04,test
2025-08-21,dgs10_short_oas_1w,4.33,3.79,4.32,3.86,4.92,1.94,2.39,4.33,322.169,328.682,126.96,126.43,4.3,158542.0,101.894,16.6,0.54,0.0099999999999997,0.5899999999999999,0.4500000000000002,0.04,-0.0999999999999996,0.0499999999999998,-0.1200000000000001,0.0200000000000004,-0.0999999999999996,0.04,-0.1200000000000001,0.04,-0.04,4.305000000000001,4.351666666666668,0.0597215762246231,0.0682020172107225,1.7700000000000014,1.2100000000000009,16.18,16.834999999999997,0.9023303164592128,1.438411371175074,2.95,0.98,-0.1100000000000003,test
2025-08-28,dgs10_short_oas_1w,4.22,3.62,4.26,3.69,4.88,1.81,2.41,4.33,322.169,328.682,126.96,126.43,4.3,158542.0,101.894,14.43,0.5999999999999996,-0.04,0.6600000000000001,0.6000000000000001,-0.1100000000000003,-0.1500000000000003,-0.1699999999999999,-0.3199999999999998,-0.0600000000000005,-0.1500000000000003,-0.1699999999999999,-0.27,-0.04,-0.0099999999999997,4.2675,4.336666666666667,0.0518812747217534,0.0759585213770902,-2.1700000000000017,-2.289999999999999,15.6075,16.4975,1.1405371541521008,1.4915039694575252,2.75,0.99,-0.0499999999999998,test
2025-09-04,dgs10_short_oas_1w,4.17,3.59,4.16,3.65,4.86,1.79,2.38,4.33,323.291,329.7,127.293,126.714,4.3,158472.0,101.6247,15.3,0.5800000000000001,0.0099999999999997,0.6900000000000004,0.5899999999999999,-0.0499999999999998,-0.0600000000000005,-0.0300000000000002,-0.1300000000000003,-0.0999999999999996,-0.1600000000000001,-0.04,-0.1400000000000001,-0.0199999999999995,0.0500000000000007,4.2525,4.320833333333333,0.0713559154293062,0.0892858874462643,0.870000000000001,-1.2699999999999996,15.29,16.270833333333332,0.9429386689147392,1.4450508536710465,2.84,1.0,-0.1600000000000001,test
2025-09-11,dgs10_short_oas_1w,4.01,3.52,4.08,3.59,4.65,1.67,2.34,4.33,323.291,329.7,127.293,126.714,4.3,158472.0,101.6247,14.71,0.4899999999999997,-0.0700000000000002,0.6400000000000006,0.6699999999999999,-0.1600000000000001,-0.2800000000000002,-0.0699999999999998,-0.2200000000000002,-0.08,-0.2199999999999997,-0.06,-0.2299999999999999,-0.2099999999999999,-0.2299999999999995,4.1825,4.29,0.1330100246851918,0.1240967364603036,-0.5899999999999999,-0.1199999999999992,15.260000000000002,15.818333333333332,0.9641230903441216,0.8516596987193107,2.78,0.98,0.1000000000000005,test
2025-09-18,dgs10_short_oas_1w,4.11,3.57,4.03,3.67,4.72,1.73,2.38,4.33,323.291,329.7,127.293,126.714,4.3,158472.0,101.6247,15.7,0.5400000000000005,0.08,0.6099999999999994,0.6499999999999999,0.1000000000000005,-0.2199999999999997,0.0499999999999998,-0.2200000000000002,-0.0499999999999998,-0.29,0.08,-0.1899999999999999,0.0699999999999994,-0.2000000000000001,4.1275,4.2775,0.0903234926994235,0.1345108985111622,0.9899999999999984,-0.9000000000000021,15.035,15.744166666666668,0.572741943055241,0.8163717773087819,2.71,0.94,0.0699999999999994,test
2025-09-25,dgs10_short_oas_1w,4.18,3.64,4.04,3.75,4.75,1.8,2.38,4.33,323.291,329.7,127.293,126.714,4.3,158472.0,101.6247,16.74,0.5399999999999996,0.1399999999999996,0.5700000000000003,0.5799999999999998,0.0699999999999994,-0.04,0.0700000000000002,0.02,0.0099999999999997,-0.2199999999999997,0.08,0.06,0.0300000000000002,-0.1299999999999999,4.1175,4.263333333333334,0.0780491298270282,0.1351318099512649,1.0399999999999991,2.3099999999999987,15.6125,15.774166666666666,0.8546100475273514,0.8478685396949711,2.76,0.96,-0.08,test
2025-10-02,dgs10_short_oas_1w,4.1,3.55,4.02,3.67,4.69,1.76,2.34,4.22,324.245,330.418,127.625,126.954,4.4,158548.0,101.668,16.63,0.5499999999999998,0.08,0.5900000000000007,0.5799999999999998,-0.08,-0.0700000000000002,-0.0900000000000003,-0.04,-0.0200000000000004,-0.1400000000000005,-0.08,0.02,-0.0599999999999996,-0.1699999999999999,4.1,4.242500000000001,0.0697614984554989,0.1397481500938194,-0.1099999999999994,1.3299999999999983,15.945,15.845,0.9463086177359762,0.8831709399031057,2.81,0.96,0.04,test
2025-10-09,dgs10_short_oas_1w,4.14,3.6,4.03,3.74,4.72,1.8,2.34,4.22,324.245,330.418,127.625,126.954,4.4,158548.0,101.668,16.43,0.5399999999999996,0.1099999999999994,0.5800000000000001,0.5399999999999998,0.04,0.1299999999999999,0.0500000000000002,0.08,0.0100000000000006,-0.0499999999999998,0.0700000000000002,0.1500000000000003,0.0299999999999993,0.0699999999999994,4.1325,4.215,0.0359397644226566,0.1222887789400376,-0.1999999999999993,1.7199999999999989,16.375,15.8375,0.4679387424311529,0.8772801459875176,2.95,0.98,-0.1499999999999994,test
2025-10-16,dgs10_short_oas_1w,3.99,3.41,4.02,3.55,4.58,1.71,2.28,4.22,324.245,330.418,127.625,126.954,4.4,158548.0,101.668,25.31,0.5800000000000001,-0.0299999999999993,0.5899999999999999,0.5699999999999998,-0.1499999999999994,-0.1200000000000001,-0.1899999999999999,-0.1599999999999997,-0.0100000000000006,-0.0100000000000006,-0.1900000000000004,-0.1200000000000001,-0.1399999999999996,-0.1399999999999996,4.1025,4.178333333333334,0.0818026079459361,0.1178468446246212,8.879999999999999,9.61,18.7775,16.664166666666667,4.356890137089537,2.8571010684170743,3.04,1.01,0.0199999999999995,test
2025-10-23,dgs10_short_oas_1w,4.01,3.48,3.95,3.61,4.58,1.71,2.3,4.22,324.245,330.418,127.625,126.954,4.4,158548.0,101.668,17.3,0.5299999999999998,0.0599999999999996,0.5700000000000003,0.5899999999999999,0.0199999999999995,-0.1699999999999999,0.0699999999999998,-0.1600000000000001,-0.0699999999999994,-0.0899999999999998,0.06,-0.1400000000000001,0.0,-0.1699999999999999,4.0600000000000005,4.148333333333333,0.0716472842013145,0.1101926687331139,-8.009999999999998,0.5600000000000023,18.9175,16.712500000000002,4.277876225418568,2.86303121311508,2.96,1.0,0.1000000000000005,test
2025-10-30,dgs10_short_oas_1w,4.11,3.61,3.92,3.72,4.65,1.82,2.29,4.22,324.245,330.418,127.625,126.954,4.4,158548.0,101.668,16.91,0.5000000000000004,0.1900000000000004,0.54,0.47,0.1000000000000005,0.0100000000000006,0.1299999999999999,0.06,-0.0300000000000002,-0.0999999999999996,0.1100000000000003,0.0500000000000002,0.0700000000000002,-0.04,4.0625,4.138333333333334,0.073654599313896,0.1075202588385455,-0.3900000000000005,0.2800000000000011,18.9875,16.740833333333335,4.229991134742651,2.863175155259533,2.85,0.98,0.0,test
2025-11-06,dgs10_short_oas_1w,4.11,3.57,3.93,3.69,4.69,1.83,2.28,4.09,324.245,330.418,127.871,127.243,4.4,158408.0,101.2195,19.5,0.5400000000000005,0.1800000000000001,0.5800000000000001,0.4499999999999997,0.0,-0.0299999999999993,-0.04,-0.0300000000000002,0.0100000000000002,-0.1,-0.0300000000000002,-0.0500000000000002,0.04,-0.0299999999999993,4.055,4.123333333333334,0.0640312423750368,0.0964207949410903,2.59,3.0700000000000003,19.755,17.13,3.874880643323279,2.897017274872139,3.13,1.04,0.0,test
2025-11-13,dgs10_short_oas_1w,4.11,3.58,3.96,3.71,4.7,1.83,2.28,4.09,324.245,330.418,127.871,127.243,4.4,158408.0,101.2195,20.0,0.5300000000000002,0.1500000000000003,0.5899999999999999,0.4499999999999997,0.0,0.1200000000000001,0.0100000000000002,0.1699999999999999,0.0299999999999998,-0.0599999999999996,0.02,0.1600000000000001,0.0099999999999997,0.1200000000000001,4.085,4.105,0.0500000000009017,0.0711592324560831,0.5,-5.309999999999999,18.4275,17.413333333333334,1.5488786266203751,3.004730613649845,3.09,1.06,-0.0100000000000006,test
2025-11-20,dgs10_short_oas_1w,4.1,3.55,3.94,3.68,4.73,1.86,2.24,4.09,324.245,330.418,127.871,127.243,4.4,158408.0,101.2195,26.42,0.5499999999999998,0.1599999999999997,0.6300000000000008,0.3800000000000001,-0.0100000000000006,0.0899999999999998,-0.0300000000000002,0.0699999999999998,-0.02,-0.0100000000000002,-0.0299999999999998,0.0700000000000002,0.0300000000000002,0.1500000000000003,4.1075,4.095,0.0050000000089745,0.0612743458116705,6.420000000000002,9.12,20.7075,18.4125,4.041958065096848,3.8085099090420256,3.17,1.08,-0.0999999999999996,test
2025-11-26,dgs10_short_oas_1w,4.0,3.45,3.92,3.56,4.64,1.77,2.23,4.09,324.245,330.418,127.871,127.243,4.4,158408.0,101.2195,17.19,0.5499999999999998,0.08,0.6399999999999997,0.4599999999999999,-0.0999999999999996,-0.1100000000000003,-0.0999999999999996,-0.1599999999999997,-0.02,0.0,-0.1200000000000001,-0.1600000000000001,-0.0900000000000007,-0.0100000000000006,4.08,4.0808333333333335,0.0535412613482063,0.0620056204694381,-9.23,0.2800000000000011,20.777500000000003,18.57,3.955775313808253,3.705786629779584,3.0,1.05,0.1100000000000003,test
2025-12-04,dgs10_short_oas_1w,4.11,3.52,3.71,3.68,4.76,1.85,2.26,3.88,325.063,331.043,128.152,127.469,4.5,158449.0,101.081,15.78,0.5900000000000003,0.4000000000000003,0.6499999999999995,0.4099999999999997,0.1100000000000003,0.0,0.0699999999999998,-0.0499999999999998,-0.2099999999999999,-0.2200000000000002,0.1200000000000001,-0.0099999999999997,0.1200000000000001,0.0699999999999994,4.08,4.089166666666666,0.0535412613482063,0.0582250076449489,-1.410000000000002,-3.7200000000000006,19.8475,18.659166666666668,4.719741341782914,3.6162573780416967,2.88,1.02,0.0299999999999993,test
2025-12-11,dgs10_short_oas_1w,4.14,3.52,3.66,3.72,4.79,1.89,2.25,3.88,325.063,331.043,128.152,127.469,4.5,158449.0,101.081,14.85,0.6199999999999997,0.4799999999999995,0.6500000000000004,0.3600000000000001,0.0299999999999993,0.0299999999999993,0.0,-0.06,-0.0499999999999998,-0.2999999999999998,0.04,0.0100000000000002,0.0300000000000002,0.0899999999999998,4.0875,4.091666666666667,0.0607590871126022,0.0598229711640158,-0.9299999999999996,-5.15,18.56,18.58833333333333,5.327569802452281,3.6871196773565806,2.88,1.0,-0.0199999999999995,test
2025-12-18,dgs10_short_oas_1w,4.12,3.46,3.62,3.66,4.8,1.88,2.24,3.88,325.063,331.043,128.152,127.469,4.5,158449.0,101.081,16.87,0.6600000000000001,0.5,0.6799999999999997,0.3600000000000003,-0.0199999999999995,0.0200000000000004,-0.06,-0.0899999999999998,-0.04,-0.3199999999999998,-0.06,-0.02,0.0099999999999997,0.0699999999999994,4.092499999999999,4.086666666666667,0.0629152869613051,0.0539921430881792,2.0200000000000014,-9.55,16.1725,18.599166666666665,1.0684685301876786,3.68138180167387,2.95,1.03,0.0300000000000002,test
2025-12-24,dgs10_short_oas_1w,4.15,3.47,3.69,3.7,4.79,1.91,2.24,3.88,325.063,331.043,128.152,127.469,4.5,158449.0,101.081,13.47,0.6800000000000002,0.4600000000000004,0.6399999999999997,0.3300000000000003,0.0300000000000002,0.1500000000000003,0.0100000000000002,0.02,0.0699999999999998,-0.2299999999999999,0.04,0.1400000000000001,-0.0099999999999997,0.1500000000000003,4.13,4.090833333333333,0.018257418585954,0.0569622416149486,-3.4000000000000004,-3.7200000000000006,15.2425,18.335833333333337,1.441466267382423,3.939045704305121,2.84,1.0,0.0299999999999993,test
2025-12-31,dgs10_short_oas_1w,4.18,3.47,3.67,3.73,4.84,1.93,2.25,3.72,326.031,331.814,128.576,127.886,4.4,158432.0,101.6113,14.95,0.7099999999999995,0.5099999999999998,0.6600000000000001,0.32,0.0299999999999993,0.0699999999999994,0.0,-0.0499999999999998,-0.02,-0.04,0.0299999999999998,0.0499999999999998,0.0499999999999998,0.08,4.1475,4.094166666666667,0.0250000000017823,0.0611196045529485,1.4799999999999986,-0.8300000000000001,15.035,18.2125,1.3973665708520255,4.02634534263771,2.81,1.01,0.0100000000000006,test
2026-01-08,dgs10_short_oas_1w,4.19,3.49,3.62,3.74,4.85,1.92,2.27,3.72,326.031,331.814,128.576,127.886,4.4,158432.0,101.6113,15.45,0.7000000000000002,0.5700000000000003,0.6599999999999993,0.3500000000000001,0.0100000000000006,0.0500000000000007,0.02,-0.0299999999999998,-0.0499999999999998,-0.04,0.0100000000000002,0.02,0.0099999999999997,0.0599999999999996,4.16,4.110833333333334,0.0316227766030896,0.0572805429981509,0.5,0.5999999999999996,15.185,17.390833333333333,1.4030799454538392,3.404292633328084,2.76,1.01,-0.0200000000000004,test
2026-01-15,dgs10_short_oas_1w,4.17,3.56,3.68,3.77,4.79,1.88,2.29,3.72,326.031,331.814,128.576,127.886,4.4,158432.0,101.6113,15.84,0.6099999999999999,0.4899999999999997,0.6200000000000001,0.4100000000000001,-0.0200000000000004,0.0499999999999998,0.0699999999999998,0.1,0.06,0.06,0.0299999999999998,0.1099999999999998,-0.0599999999999996,-0.0099999999999997,4.1725,4.1241666666666665,0.0170782512791964,0.0498102459958064,0.3900000000000005,-1.0300000000000011,14.9275,17.269166666666667,1.0377017876063497,3.4337958279253167,2.71,0.97,0.0899999999999998,test
2026-01-22,dgs10_short_oas_1w,4.26,3.61,3.71,3.85,4.84,1.95,2.31,3.72,326.031,331.814,128.576,127.886,4.4,158432.0,101.6113,15.64,0.6499999999999999,0.5499999999999998,0.5800000000000001,0.3600000000000001,0.0899999999999998,0.1099999999999994,0.0499999999999998,0.1399999999999996,0.0299999999999998,0.02,0.08,0.1499999999999999,0.0499999999999998,0.0499999999999998,4.2,4.136666666666667,0.0408248290474669,0.0630055312635237,-0.1999999999999993,2.17,15.47,17.163333333333334,0.38148831349695,3.465298972627829,2.64,0.93,-0.0199999999999995,test
2026-01-29,dgs10_short_oas_1w,4.24,3.53,3.67,3.8,4.85,1.89,2.35,3.72,326.031,331.814,128.576,127.886,4.4,158432.0,101.6113,16.88,0.7100000000000004,0.5700000000000003,0.6099999999999994,0.4600000000000002,-0.0199999999999995,0.0600000000000005,-0.08,0.0599999999999996,-0.04,0.0,-0.0500000000000002,0.0699999999999998,0.0099999999999997,0.0099999999999997,4.215,4.1475,0.0420317340441082,0.0689037536918633,1.2399999999999984,1.93,15.9525,16.945,0.6385073740122964,3.38632946901594,2.77,0.94,-0.0300000000000002,test
2026-02-05,dgs10_short_oas_1w,4.21,3.47,3.67,3.74,4.85,1.89,2.32,3.64,326.588,332.793,129.0,128.429,4.3,158592.0,101.5954,21.77,0.7399999999999998,0.54,0.6399999999999997,0.4299999999999999,-0.0300000000000002,0.0199999999999995,-0.0599999999999996,-0.02,0.0,0.0499999999999998,-0.0599999999999996,0.0,0.0,0.0,4.22,4.155833333333333,0.0391578004160249,0.069994588536143,4.890000000000001,6.32,17.5325,17.092499999999998,2.87681971396681,3.5653130042368417,2.97,0.96,-0.1200000000000001,test
2026-02-12,dgs10_short_oas_1w,4.09,3.47,3.7,3.67,4.72,1.8,2.29,3.64,326.588,332.793,129.0,128.429,4.3,158592.0,101.5954,20.82,0.6199999999999997,0.3899999999999997,0.6299999999999999,0.49,-0.1200000000000001,-0.08,0.0,-0.0899999999999998,0.0300000000000002,0.02,-0.0700000000000002,-0.1,-0.1299999999999999,-0.0700000000000002,4.2,4.155,0.0761577310592182,0.0707749313612699,-0.9499999999999992,4.98,18.7775,16.625833333333336,2.9760866362839784,2.4140628083011286,2.92,0.99,-0.0099999999999997,test
2026-02-19,dgs10_short_oas_1w,4.08,3.47,3.69,3.65,4.7,1.79,2.29,3.64,326.588,332.793,129.0,128.429,4.3,158592.0,101.5954,20.23,0.6099999999999999,0.3900000000000001,0.6200000000000001,0.5,-0.0099999999999997,-0.1799999999999997,0.0,-0.1399999999999996,-0.0100000000000002,-0.02,-0.02,-0.2000000000000001,-0.0199999999999995,-0.1399999999999996,4.154999999999999,4.161666666666666,0.0818535277192675,0.057340027798914,-0.5899999999999999,4.59,19.925,16.879166666666666,2.1268207885640247,2.628623761359997,2.88,0.99,-0.0600000000000005,test
2026-02-26,dgs10_short_oas_1w,4.02,3.42,3.68,3.57,4.67,1.74,2.28,3.64,326.588,332.793,129.0,128.429,4.3,158592.0,101.5954,18.63,0.5999999999999996,0.3399999999999994,0.6500000000000004,0.5399999999999998,-0.0600000000000005,-0.2200000000000006,-0.0500000000000002,-0.1099999999999998,-0.0099999999999997,0.0100000000000002,-0.08,-0.2299999999999999,-0.0300000000000002,-0.1799999999999997,4.1,4.154166666666666,0.0795822425759857,0.0693421468764483,-1.6000000000000014,1.75,20.3625,17.116666666666667,1.3177600945043455,2.648956341083826,2.98,1.03,0.1100000000000003,test
2026-03-05,dgs10_short_oas_1w,4.13,3.57,3.7,3.72,4.74,1.82,2.31,3.64,327.46,333.512,129.484,128.901,4.4,158459.0,102.344,23.75,0.56,0.4299999999999997,0.6100000000000003,0.49,0.1100000000000003,-0.08,0.1499999999999999,0.0999999999999996,0.02,0.0300000000000002,0.1500000000000003,-0.02,0.0700000000000002,-0.1099999999999994,4.08,4.153333333333333,0.045460605657609,0.0695875293606969,5.120000000000001,1.9800000000000004,20.8575,17.85833333333333,2.1388061311554405,3.154350050711366,3.0,1.04,0.1399999999999996,test
2026-03-12,dgs10_short_oas_1w,4.27,3.76,3.72,3.88,4.88,1.89,2.38,3.64,327.46,333.512,129.484,128.901,4.4,158459.0,102.344,27.29,0.5099999999999998,0.5499999999999994,0.6100000000000003,0.49,0.1399999999999996,0.1799999999999997,0.1899999999999999,0.2899999999999996,0.02,0.02,0.1599999999999997,0.2099999999999999,0.1399999999999996,0.1600000000000001,4.125,4.1658333333333335,0.1066145706118824,0.0762124224351562,3.539999999999999,6.469999999999999,22.475,18.726666666666667,3.8571967368372735,4.138298581725798,3.17,1.12,-0.0199999999999995,test
2026-03-19,dgs10_short_oas_1w,4.25,3.79,3.73,3.88,4.83,1.88,2.37,3.64,327.46,333.512,129.484,128.901,4.4,158459.0,102.344,24.06,0.4599999999999999,0.52,0.5800000000000001,0.4900000000000002,-0.0199999999999995,0.1699999999999999,0.0300000000000002,0.3199999999999998,0.0099999999999997,0.04,0.0,0.2299999999999999,-0.0499999999999998,0.1299999999999999,4.1675,4.174166666666667,0.1161536338938889,0.0797106509751933,-3.2300000000000004,3.8299999999999983,23.4325,19.609166666666663,3.579519288023852,4.04347838181943,3.27,1.13,0.1699999999999999,test
2026-03-26,dgs10_short_oas_1w,4.42,3.96,3.73,4.08,4.93,2.08,2.34,3.64,327.46,333.512,129.484,128.901,4.4,158459.0,102.344,27.44,0.4599999999999999,0.69,0.5099999999999998,0.2599999999999998,0.1699999999999999,0.4000000000000003,0.1699999999999999,0.54,0.0,0.0499999999999998,0.2000000000000001,0.5100000000000002,0.0999999999999996,0.2599999999999998,4.2675,4.194166666666667,0.1189887949910458,0.1068097998005528,3.3800000000000026,8.810000000000002,25.635,20.65,2.0025733444749183,4.332341378305792,3.21,1.11,-0.1100000000000003,test
2026-04-02,dgs10_short_oas_1w,4.31,3.79,3.7,3.94,4.88,1.97,2.34,3.64,330.293,334.165,130.344,129.279,4.3,158637.0,101.7898,23.87,0.5199999999999996,0.6099999999999994,0.5700000000000003,0.3699999999999999,-0.1100000000000003,0.1799999999999997,-0.1699999999999999,0.2200000000000002,-0.0299999999999998,0.0,-0.1400000000000001,0.2199999999999997,-0.0499999999999998,0.1399999999999996,4.3125,4.204166666666667,0.075883682919457,0.111881295320196,-3.5700000000000003,0.120000000000001,25.665,21.35166666666667,1.9654770413315592,4.088580178837957,3.17,1.09,-0.0199999999999995,test
2026-04-09,dgs10_short_oas_1w,4.29,3.78,3.68,3.91,4.9,1.95,2.34,3.64,330.293,334.165,130.344,129.279,4.3,158637.0,101.7898,19.49,0.5100000000000002,0.6099999999999999,0.6100000000000003,0.3899999999999999,-0.0199999999999995,0.0200000000000004,-0.0100000000000002,0.02,-0.02,-0.04,-0.0299999999999998,0.0300000000000002,0.0200000000000004,0.0200000000000004,4.3175,4.214166666666666,0.0727438428099174,0.1138945551686743,-4.380000000000003,-7.800000000000001,23.715,21.655833333333334,3.2593097428752387,3.764167077572081,2.9,1.05,0.0300000000000002,test
2026-04-16,dgs10_short_oas_1w,4.32,3.78,3.7,3.91,4.93,1.93,2.39,3.64,330.293,334.165,130.344,129.279,4.3,158637.0,101.7898,17.94,0.5400000000000005,0.6200000000000001,0.6099999999999994,0.4600000000000002,0.0300000000000002,0.0700000000000002,0.0,-0.0100000000000002,0.02,-0.0299999999999998,0.0,0.0300000000000002,0.0299999999999993,0.0999999999999996,4.335,4.219166666666666,0.058022983952515,0.1173540357084923,-1.5499999999999972,-6.119999999999997,22.185,21.8475,4.310348013792092,3.477653663031839,2.86,1.01,0.0199999999999995,test
2026-04-23,dgs10_short_oas_1w,4.34,3.83,3.69,3.96,4.92,1.92,2.42,3.64,330.293,334.165,130.344,129.279,4.3,158637.0,101.7898,19.31,0.5099999999999998,0.6499999999999999,0.5800000000000001,0.5,0.0199999999999995,-0.08,0.0500000000000002,-0.1299999999999999,-0.0100000000000002,-0.04,0.0499999999999998,-0.1200000000000001,-0.0099999999999997,-0.0099999999999997,4.315,4.2275,0.020816659996759,0.1224095213175476,1.3699999999999974,-8.130000000000003,20.1525,22.05,2.5731741099275425,3.223572270295325,2.86,1.0,0.0600000000000005,test
